2025-12-18 19:45:53,350:WARNING:
'cuml' is a soft dependency and not included in the pycaret installation. Please run: `pip install cuml` to install.
2025-12-18 19:45:53,350:WARNING:
'cuml' is a soft dependency and not included in the pycaret installation. Please run: `pip install cuml` to install.
2025-12-18 19:45:53,350:WARNING:
'cuml' is a soft dependency and not included in the pycaret installation. Please run: `pip install cuml` to install.
2025-12-18 19:45:53,350:WARNING:
'cuml' is a soft dependency and not included in the pycaret installation. Please run: `pip install cuml` to install.
2025-12-18 19:47:56,766:WARNING:
'cuml' is a soft dependency and not included in the pycaret installation. Please run: `pip install cuml` to install.
2025-12-18 19:47:56,768:WARNING:
'cuml' is a soft dependency and not included in the pycaret installation. Please run: `pip install cuml` to install.
2025-12-18 19:47:56,768:WARNING:
'cuml' is a soft dependency and not included in the pycaret installation. Please run: `pip install cuml` to install.
2025-12-18 19:47:56,768:WARNING:
'cuml' is a soft dependency and not included in the pycaret installation. Please run: `pip install cuml` to install.
2025-12-18 19:51:05,284:WARNING:
'cuml' is a soft dependency and not included in the pycaret installation. Please run: `pip install cuml` to install.
2025-12-18 19:51:05,284:WARNING:
'cuml' is a soft dependency and not included in the pycaret installation. Please run: `pip install cuml` to install.
2025-12-18 19:51:05,284:WARNING:
'cuml' is a soft dependency and not included in the pycaret installation. Please run: `pip install cuml` to install.
2025-12-18 19:51:05,284:WARNING:
'cuml' is a soft dependency and not included in the pycaret installation. Please run: `pip install cuml` to install.
2025-12-18 19:51:05,537:INFO:PyCaret ClassificationExperiment
2025-12-18 19:51:05,537:INFO:Logging name: clf-default-name
2025-12-18 19:51:05,537:INFO:ML Usecase: MLUsecase.CLASSIFICATION
2025-12-18 19:51:05,537:INFO:version 3.3.2
2025-12-18 19:51:05,537:INFO:Initializing setup()
2025-12-18 19:51:05,537:INFO:self.USI: 9e18
2025-12-18 19:51:05,537:INFO:self._variable_keys: {'gpu_param', 'fold_groups_param', 'exp_name_log', 'html_param', '_ml_usecase', 'exp_id', 'n_jobs_param', 'target_param', 'X', 'y_test', 'memory', 'X_train', 'y', '_available_plots', 'gpu_n_jobs_param', 'pipeline', 'idx', 'log_plots_param', 'y_train', 'data', 'fix_imbalance', 'USI', 'is_multiclass', 'X_test', 'fold_generator', 'seed', 'logging_param', 'fold_shuffle_param'}
2025-12-18 19:51:05,537:INFO:Checking environment
2025-12-18 19:51:05,537:INFO:python_version: 3.11.9
2025-12-18 19:51:05,537:INFO:python_build: ('tags/v3.11.9:de54cf5', 'Apr  2 2024 10:12:12')
2025-12-18 19:51:05,537:INFO:machine: AMD64
2025-12-18 19:51:05,537:INFO:platform: Windows-10-10.0.19045-SP0
2025-12-18 19:51:05,542:INFO:Memory: svmem(total=17101795328, available=6029402112, percent=64.7, used=11072393216, free=6029402112)
2025-12-18 19:51:05,542:INFO:Physical Core: 6
2025-12-18 19:51:05,542:INFO:Logical Core: 12
2025-12-18 19:51:05,542:INFO:Checking libraries
2025-12-18 19:51:05,542:INFO:System:
2025-12-18 19:51:05,542:INFO:    python: 3.11.9 (tags/v3.11.9:de54cf5, Apr  2 2024, 10:12:12) [MSC v.1938 64 bit (AMD64)]
2025-12-18 19:51:05,542:INFO:executable: c:\Users\Cristina\AppData\Local\Programs\Python\Python311\python.exe
2025-12-18 19:51:05,542:INFO:   machine: Windows-10-10.0.19045-SP0
2025-12-18 19:51:05,542:INFO:PyCaret required dependencies:
2025-12-18 19:51:05,609:INFO:                 pip: 24.0
2025-12-18 19:51:05,609:INFO:          setuptools: 65.5.0
2025-12-18 19:51:05,609:INFO:             pycaret: 3.3.2
2025-12-18 19:51:05,609:INFO:             IPython: 9.8.0
2025-12-18 19:51:05,609:INFO:          ipywidgets: 8.1.8
2025-12-18 19:51:05,609:INFO:                tqdm: 4.67.1
2025-12-18 19:51:05,609:INFO:               numpy: 1.26.4
2025-12-18 19:51:05,609:INFO:              pandas: 2.1.4
2025-12-18 19:51:05,609:INFO:              jinja2: 3.1.6
2025-12-18 19:51:05,609:INFO:               scipy: 1.11.4
2025-12-18 19:51:05,609:INFO:              joblib: 1.3.2
2025-12-18 19:51:05,609:INFO:             sklearn: 1.4.2
2025-12-18 19:51:05,609:INFO:                pyod: 2.0.6
2025-12-18 19:51:05,609:INFO:            imblearn: 0.12.4
2025-12-18 19:51:05,609:INFO:   category_encoders: 2.7.0
2025-12-18 19:51:05,610:INFO:            lightgbm: 4.6.0
2025-12-18 19:51:05,610:INFO:               numba: 0.63.1
2025-12-18 19:51:05,610:INFO:            requests: 2.32.5
2025-12-18 19:51:05,610:INFO:          matplotlib: 3.10.8
2025-12-18 19:51:05,610:INFO:          scikitplot: 0.3.7
2025-12-18 19:51:05,610:INFO:         yellowbrick: 1.5
2025-12-18 19:51:05,610:INFO:              plotly: 6.5.0
2025-12-18 19:51:05,610:INFO:    plotly-resampler: Not installed
2025-12-18 19:51:05,610:INFO:             kaleido: 1.2.0
2025-12-18 19:51:05,610:INFO:           schemdraw: 0.15
2025-12-18 19:51:05,610:INFO:         statsmodels: 0.14.6
2025-12-18 19:51:05,610:INFO:              sktime: 0.26.0
2025-12-18 19:51:05,610:INFO:               tbats: 1.1.3
2025-12-18 19:51:05,610:INFO:            pmdarima: 2.0.4
2025-12-18 19:51:05,610:INFO:              psutil: 7.1.3
2025-12-18 19:51:05,610:INFO:          markupsafe: 3.0.3
2025-12-18 19:51:05,610:INFO:             pickle5: Not installed
2025-12-18 19:51:05,610:INFO:         cloudpickle: 3.1.2
2025-12-18 19:51:05,610:INFO:         deprecation: 2.1.0
2025-12-18 19:51:05,610:INFO:              xxhash: 3.6.0
2025-12-18 19:51:05,610:INFO:           wurlitzer: Not installed
2025-12-18 19:51:05,610:INFO:PyCaret optional dependencies:
2025-12-18 19:51:05,627:INFO:                shap: Not installed
2025-12-18 19:51:05,627:INFO:           interpret: Not installed
2025-12-18 19:51:05,627:INFO:                umap: Not installed
2025-12-18 19:51:05,627:INFO:     ydata_profiling: Not installed
2025-12-18 19:51:05,627:INFO:  explainerdashboard: Not installed
2025-12-18 19:51:05,627:INFO:             autoviz: Not installed
2025-12-18 19:51:05,627:INFO:           fairlearn: Not installed
2025-12-18 19:51:05,627:INFO:          deepchecks: Not installed
2025-12-18 19:51:05,627:INFO:             xgboost: Not installed
2025-12-18 19:51:05,627:INFO:            catboost: Not installed
2025-12-18 19:51:05,627:INFO:              kmodes: Not installed
2025-12-18 19:51:05,627:INFO:             mlxtend: Not installed
2025-12-18 19:51:05,627:INFO:       statsforecast: Not installed
2025-12-18 19:51:05,627:INFO:        tune_sklearn: Not installed
2025-12-18 19:51:05,627:INFO:                 ray: Not installed
2025-12-18 19:51:05,627:INFO:            hyperopt: Not installed
2025-12-18 19:51:05,627:INFO:              optuna: Not installed
2025-12-18 19:51:05,627:INFO:               skopt: Not installed
2025-12-18 19:51:05,628:INFO:              mlflow: Not installed
2025-12-18 19:51:05,628:INFO:              gradio: Not installed
2025-12-18 19:51:05,628:INFO:             fastapi: Not installed
2025-12-18 19:51:05,628:INFO:             uvicorn: Not installed
2025-12-18 19:51:05,628:INFO:              m2cgen: Not installed
2025-12-18 19:51:05,628:INFO:           evidently: Not installed
2025-12-18 19:51:05,628:INFO:               fugue: Not installed
2025-12-18 19:51:05,628:INFO:           streamlit: Not installed
2025-12-18 19:51:05,628:INFO:             prophet: Not installed
2025-12-18 19:51:05,628:INFO:None
2025-12-18 19:51:05,628:INFO:Set up data.
2025-12-18 19:51:05,640:INFO:Set up folding strategy.
2025-12-18 19:51:05,640:INFO:Set up train/test split.
2025-12-18 19:51:05,651:INFO:Set up index.
2025-12-18 19:51:05,652:INFO:Assigning column types.
2025-12-18 19:51:05,662:INFO:Engine successfully changes for model 'lr' to 'sklearn'.
2025-12-18 19:51:05,719:INFO:Engine for model 'knn' has not been set explicitly, hence returning None.
2025-12-18 19:51:05,723:INFO:Engine for model 'rbfsvm' has not been set explicitly, hence returning None.
2025-12-18 19:51:05,765:WARNING:
'xgboost' is a soft dependency and not included in the pycaret installation. Please run: `pip install xgboost` to install.
Alternately, you can install this by running `pip install pycaret[models]`
2025-12-18 19:51:05,766:WARNING:
'catboost' is a soft dependency and not included in the pycaret installation. Please run: `pip install catboost` to install.
Alternately, you can install this by running `pip install pycaret[models]`
2025-12-18 19:51:05,823:INFO:Engine for model 'knn' has not been set explicitly, hence returning None.
2025-12-18 19:51:05,824:INFO:Engine for model 'rbfsvm' has not been set explicitly, hence returning None.
2025-12-18 19:51:05,859:WARNING:
'xgboost' is a soft dependency and not included in the pycaret installation. Please run: `pip install xgboost` to install.
Alternately, you can install this by running `pip install pycaret[models]`
2025-12-18 19:51:05,859:WARNING:
'catboost' is a soft dependency and not included in the pycaret installation. Please run: `pip install catboost` to install.
Alternately, you can install this by running `pip install pycaret[models]`
2025-12-18 19:51:05,860:INFO:Engine successfully changes for model 'knn' to 'sklearn'.
2025-12-18 19:51:05,917:INFO:Engine for model 'rbfsvm' has not been set explicitly, hence returning None.
2025-12-18 19:51:05,952:WARNING:
'xgboost' is a soft dependency and not included in the pycaret installation. Please run: `pip install xgboost` to install.
Alternately, you can install this by running `pip install pycaret[models]`
2025-12-18 19:51:05,953:WARNING:
'catboost' is a soft dependency and not included in the pycaret installation. Please run: `pip install catboost` to install.
Alternately, you can install this by running `pip install pycaret[models]`
2025-12-18 19:51:06,010:INFO:Engine for model 'rbfsvm' has not been set explicitly, hence returning None.
2025-12-18 19:51:06,045:WARNING:
'xgboost' is a soft dependency and not included in the pycaret installation. Please run: `pip install xgboost` to install.
Alternately, you can install this by running `pip install pycaret[models]`
2025-12-18 19:51:06,046:WARNING:
'catboost' is a soft dependency and not included in the pycaret installation. Please run: `pip install catboost` to install.
Alternately, you can install this by running `pip install pycaret[models]`
2025-12-18 19:51:06,046:INFO:Engine successfully changes for model 'rbfsvm' to 'sklearn'.
2025-12-18 19:51:06,138:WARNING:
'xgboost' is a soft dependency and not included in the pycaret installation. Please run: `pip install xgboost` to install.
Alternately, you can install this by running `pip install pycaret[models]`
2025-12-18 19:51:06,138:WARNING:
'catboost' is a soft dependency and not included in the pycaret installation. Please run: `pip install catboost` to install.
Alternately, you can install this by running `pip install pycaret[models]`
2025-12-18 19:51:06,244:WARNING:
'xgboost' is a soft dependency and not included in the pycaret installation. Please run: `pip install xgboost` to install.
Alternately, you can install this by running `pip install pycaret[models]`
2025-12-18 19:51:06,244:WARNING:
'catboost' is a soft dependency and not included in the pycaret installation. Please run: `pip install catboost` to install.
Alternately, you can install this by running `pip install pycaret[models]`
2025-12-18 19:51:06,248:INFO:Preparing preprocessing pipeline...
2025-12-18 19:51:06,250:INFO:Set up simple imputation.
2025-12-18 19:51:06,250:INFO:Set up feature normalization.
2025-12-18 19:51:06,251:INFO:Set up column name cleaning.
2025-12-18 19:51:06,311:INFO:Finished creating preprocessing pipeline.
2025-12-18 19:51:06,317:INFO:Pipeline: Pipeline(memory=FastMemory(location=C:\Users\Cristina\AppData\Local\Temp\joblib),
         steps=[('numerical_imputer',
                 TransformerWrapper(exclude=None,
                                    include=['Avg Monthly GB Download',
                                             'Avg Monthly Long Distance '
                                             'Charges',
                                             'Churn', 'CLTV', 'Dependents',
                                             'Device Protection Plan',
                                             'Internet Service',
                                             'Monthly Charge', 'Multiple Lines',
                                             'Online Backup', 'Online Security',
                                             'Paperless...
                                                              fill_value=None,
                                                              keep_empty_features=False,
                                                              missing_values=nan,
                                                              strategy='most_frequent'))),
                ('normalize',
                 TransformerWrapper(exclude=None, include=None,
                                    transformer=StandardScaler(copy=True,
                                                               with_mean=True,
                                                               with_std=True))),
                ('clean_column_names',
                 TransformerWrapper(exclude=None, include=None,
                                    transformer=CleanColumnNames(match='[\\]\\[\\,\\{\\}\\"\\:]+')))],
         verbose=False)
2025-12-18 19:51:06,317:INFO:Creating final display dataframe.
2025-12-18 19:51:06,494:INFO:Setup _display_container:                     Description             Value
0                    Session id               123
1                        Target  Streaming Movies
2                   Target type            Binary
3           Original data shape        (7043, 37)
4        Transformed data shape        (7043, 37)
5   Transformed train set shape        (4930, 37)
6    Transformed test set shape        (2113, 37)
7              Numeric features                36
8                    Preprocess              True
9               Imputation type            simple
10           Numeric imputation              mean
11       Categorical imputation              mode
12                    Normalize              True
13             Normalize method            zscore
14               Fold Generator   StratifiedKFold
15                  Fold Number                10
16                     CPU Jobs                -1
17                      Use GPU             False
18               Log Experiment             False
19              Experiment Name  clf-default-name
20                          USI              9e18
2025-12-18 19:51:06,593:WARNING:
'xgboost' is a soft dependency and not included in the pycaret installation. Please run: `pip install xgboost` to install.
Alternately, you can install this by running `pip install pycaret[models]`
2025-12-18 19:51:06,593:WARNING:
'catboost' is a soft dependency and not included in the pycaret installation. Please run: `pip install catboost` to install.
Alternately, you can install this by running `pip install pycaret[models]`
2025-12-18 19:51:06,687:WARNING:
'xgboost' is a soft dependency and not included in the pycaret installation. Please run: `pip install xgboost` to install.
Alternately, you can install this by running `pip install pycaret[models]`
2025-12-18 19:51:06,687:WARNING:
'catboost' is a soft dependency and not included in the pycaret installation. Please run: `pip install catboost` to install.
Alternately, you can install this by running `pip install pycaret[models]`
2025-12-18 19:51:06,688:INFO:setup() successfully completed in 1.15s...............
2025-12-18 19:51:21,186:INFO:Initializing compare_models()
2025-12-18 19:51:21,186:INFO:compare_models(self=<pycaret.classification.oop.ClassificationExperiment object at 0x000001F83331FBD0>, include=None, exclude=None, fold=5, round=4, cross_validation=True, sort=Accuracy, n_select=1, budget_time=None, turbo=True, errors=ignore, fit_kwargs=None, groups=None, experiment_custom_tags=None, probability_threshold=None, verbose=True, parallel=None, caller_params={'self': <pycaret.classification.oop.ClassificationExperiment object at 0x000001F83331FBD0>, 'include': None, 'exclude': None, 'fold': 5, 'round': 4, 'cross_validation': True, 'sort': 'Accuracy', 'n_select': 1, 'budget_time': None, 'turbo': True, 'errors': 'ignore', 'fit_kwargs': None, 'groups': None, 'experiment_custom_tags': None, 'probability_threshold': None, 'engine': None, 'verbose': True, 'parallel': None, '__class__': <class 'pycaret.classification.oop.ClassificationExperiment'>})
2025-12-18 19:51:21,187:INFO:Checking exceptions
2025-12-18 19:51:21,195:INFO:Preparing display monitor
2025-12-18 19:51:21,217:INFO:Initializing Logistic Regression
2025-12-18 19:51:21,217:INFO:Total runtime is 0.0 minutes
2025-12-18 19:51:21,220:INFO:SubProcess create_model() called ==================================
2025-12-18 19:51:21,221:INFO:Initializing create_model()
2025-12-18 19:51:21,221:INFO:create_model(self=<pycaret.classification.oop.ClassificationExperiment object at 0x000001F83331FBD0>, estimator=lr, fold=StratifiedKFold(n_splits=5, random_state=None, shuffle=False), round=4, cross_validation=True, predict=True, fit_kwargs={}, groups=None, refit=False, probability_threshold=None, experiment_custom_tags=None, verbose=False, system=False, add_to_model_list=True, metrics=None, display=<pycaret.internal.display.display.CommonDisplay object at 0x000001F836E0D450>, model_only=True, return_train_score=False, error_score=0.0, kwargs={})
2025-12-18 19:51:21,221:INFO:Checking exceptions
2025-12-18 19:51:21,221:INFO:Importing libraries
2025-12-18 19:51:21,221:INFO:Copying training dataset
2025-12-18 19:51:21,236:INFO:Defining folds
2025-12-18 19:51:21,236:INFO:Declaring metric variables
2025-12-18 19:51:21,239:INFO:Importing untrained model
2025-12-18 19:51:21,242:INFO:Logistic Regression Imported successfully
2025-12-18 19:51:21,249:INFO:Starting cross validation
2025-12-18 19:51:21,250:INFO:Cross validating with StratifiedKFold(n_splits=5, random_state=None, shuffle=False), n_jobs=-1
2025-12-18 19:51:24,654:INFO:Calculating mean and std
2025-12-18 19:51:24,656:INFO:Creating metrics dataframe
2025-12-18 19:51:24,658:INFO:Uploading results into container
2025-12-18 19:51:24,659:INFO:Uploading model into container now
2025-12-18 19:51:24,660:INFO:_master_model_container: 1
2025-12-18 19:51:24,660:INFO:_display_container: 2
2025-12-18 19:51:24,661:INFO:LogisticRegression(C=1.0, class_weight=None, dual=False, fit_intercept=True,
                   intercept_scaling=1, l1_ratio=None, max_iter=1000,
                   multi_class='auto', n_jobs=None, penalty='l2',
                   random_state=123, solver='lbfgs', tol=0.0001, verbose=0,
                   warm_start=False)
2025-12-18 19:51:24,661:INFO:create_model() successfully completed......................................
2025-12-18 19:51:24,793:INFO:SubProcess create_model() end ==================================
2025-12-18 19:51:24,793:INFO:Creating metrics dataframe
2025-12-18 19:51:24,799:INFO:Initializing K Neighbors Classifier
2025-12-18 19:51:24,800:INFO:Total runtime is 0.05972095330556234 minutes
2025-12-18 19:51:24,803:INFO:SubProcess create_model() called ==================================
2025-12-18 19:51:24,804:INFO:Initializing create_model()
2025-12-18 19:51:24,804:INFO:create_model(self=<pycaret.classification.oop.ClassificationExperiment object at 0x000001F83331FBD0>, estimator=knn, fold=StratifiedKFold(n_splits=5, random_state=None, shuffle=False), round=4, cross_validation=True, predict=True, fit_kwargs={}, groups=None, refit=False, probability_threshold=None, experiment_custom_tags=None, verbose=False, system=False, add_to_model_list=True, metrics=None, display=<pycaret.internal.display.display.CommonDisplay object at 0x000001F836E0D450>, model_only=True, return_train_score=False, error_score=0.0, kwargs={})
2025-12-18 19:51:24,804:INFO:Checking exceptions
2025-12-18 19:51:24,804:INFO:Importing libraries
2025-12-18 19:51:24,804:INFO:Copying training dataset
2025-12-18 19:51:24,818:INFO:Defining folds
2025-12-18 19:51:24,819:INFO:Declaring metric variables
2025-12-18 19:51:24,821:INFO:Importing untrained model
2025-12-18 19:51:24,824:INFO:K Neighbors Classifier Imported successfully
2025-12-18 19:51:24,830:INFO:Starting cross validation
2025-12-18 19:51:24,832:INFO:Cross validating with StratifiedKFold(n_splits=5, random_state=None, shuffle=False), n_jobs=-1
2025-12-18 19:51:27,749:INFO:Calculating mean and std
2025-12-18 19:51:27,751:INFO:Creating metrics dataframe
2025-12-18 19:51:27,753:INFO:Uploading results into container
2025-12-18 19:51:27,755:INFO:Uploading model into container now
2025-12-18 19:51:27,755:INFO:_master_model_container: 2
2025-12-18 19:51:27,756:INFO:_display_container: 2
2025-12-18 19:51:27,756:INFO:KNeighborsClassifier(algorithm='auto', leaf_size=30, metric='minkowski',
                     metric_params=None, n_jobs=-1, n_neighbors=5, p=2,
                     weights='uniform')
2025-12-18 19:51:27,756:INFO:create_model() successfully completed......................................
2025-12-18 19:51:27,874:INFO:SubProcess create_model() end ==================================
2025-12-18 19:51:27,874:INFO:Creating metrics dataframe
2025-12-18 19:51:27,881:INFO:Initializing Naive Bayes
2025-12-18 19:51:27,881:INFO:Total runtime is 0.11106764078140259 minutes
2025-12-18 19:51:27,884:INFO:SubProcess create_model() called ==================================
2025-12-18 19:51:27,884:INFO:Initializing create_model()
2025-12-18 19:51:27,884:INFO:create_model(self=<pycaret.classification.oop.ClassificationExperiment object at 0x000001F83331FBD0>, estimator=nb, fold=StratifiedKFold(n_splits=5, random_state=None, shuffle=False), round=4, cross_validation=True, predict=True, fit_kwargs={}, groups=None, refit=False, probability_threshold=None, experiment_custom_tags=None, verbose=False, system=False, add_to_model_list=True, metrics=None, display=<pycaret.internal.display.display.CommonDisplay object at 0x000001F836E0D450>, model_only=True, return_train_score=False, error_score=0.0, kwargs={})
2025-12-18 19:51:27,884:INFO:Checking exceptions
2025-12-18 19:51:27,884:INFO:Importing libraries
2025-12-18 19:51:27,884:INFO:Copying training dataset
2025-12-18 19:51:27,897:INFO:Defining folds
2025-12-18 19:51:27,897:INFO:Declaring metric variables
2025-12-18 19:51:27,901:INFO:Importing untrained model
2025-12-18 19:51:27,904:INFO:Naive Bayes Imported successfully
2025-12-18 19:51:27,910:INFO:Starting cross validation
2025-12-18 19:51:27,911:INFO:Cross validating with StratifiedKFold(n_splits=5, random_state=None, shuffle=False), n_jobs=-1
2025-12-18 19:51:30,242:INFO:Calculating mean and std
2025-12-18 19:51:30,243:INFO:Creating metrics dataframe
2025-12-18 19:51:30,245:INFO:Uploading results into container
2025-12-18 19:51:30,246:INFO:Uploading model into container now
2025-12-18 19:51:30,246:INFO:_master_model_container: 3
2025-12-18 19:51:30,247:INFO:_display_container: 2
2025-12-18 19:51:30,247:INFO:GaussianNB(priors=None, var_smoothing=1e-09)
2025-12-18 19:51:30,247:INFO:create_model() successfully completed......................................
2025-12-18 19:51:30,346:INFO:SubProcess create_model() end ==================================
2025-12-18 19:51:30,346:INFO:Creating metrics dataframe
2025-12-18 19:51:30,354:INFO:Initializing Decision Tree Classifier
2025-12-18 19:51:30,355:INFO:Total runtime is 0.15230514605840048 minutes
2025-12-18 19:51:30,358:INFO:SubProcess create_model() called ==================================
2025-12-18 19:51:30,359:INFO:Initializing create_model()
2025-12-18 19:51:30,359:INFO:create_model(self=<pycaret.classification.oop.ClassificationExperiment object at 0x000001F83331FBD0>, estimator=dt, fold=StratifiedKFold(n_splits=5, random_state=None, shuffle=False), round=4, cross_validation=True, predict=True, fit_kwargs={}, groups=None, refit=False, probability_threshold=None, experiment_custom_tags=None, verbose=False, system=False, add_to_model_list=True, metrics=None, display=<pycaret.internal.display.display.CommonDisplay object at 0x000001F836E0D450>, model_only=True, return_train_score=False, error_score=0.0, kwargs={})
2025-12-18 19:51:30,359:INFO:Checking exceptions
2025-12-18 19:51:30,359:INFO:Importing libraries
2025-12-18 19:51:30,359:INFO:Copying training dataset
2025-12-18 19:51:30,372:INFO:Defining folds
2025-12-18 19:51:30,372:INFO:Declaring metric variables
2025-12-18 19:51:30,376:INFO:Importing untrained model
2025-12-18 19:51:30,382:INFO:Decision Tree Classifier Imported successfully
2025-12-18 19:51:30,389:INFO:Starting cross validation
2025-12-18 19:51:30,390:INFO:Cross validating with StratifiedKFold(n_splits=5, random_state=None, shuffle=False), n_jobs=-1
2025-12-18 19:51:30,507:INFO:Calculating mean and std
2025-12-18 19:51:30,508:INFO:Creating metrics dataframe
2025-12-18 19:51:30,510:INFO:Uploading results into container
2025-12-18 19:51:30,511:INFO:Uploading model into container now
2025-12-18 19:51:30,511:INFO:_master_model_container: 4
2025-12-18 19:51:30,511:INFO:_display_container: 2
2025-12-18 19:51:30,512:INFO:DecisionTreeClassifier(ccp_alpha=0.0, class_weight=None, criterion='gini',
                       max_depth=None, max_features=None, max_leaf_nodes=None,
                       min_impurity_decrease=0.0, min_samples_leaf=1,
                       min_samples_split=2, min_weight_fraction_leaf=0.0,
                       monotonic_cst=None, random_state=123, splitter='best')
2025-12-18 19:51:30,512:INFO:create_model() successfully completed......................................
2025-12-18 19:51:30,604:INFO:SubProcess create_model() end ==================================
2025-12-18 19:51:30,604:INFO:Creating metrics dataframe
2025-12-18 19:51:30,611:INFO:Initializing SVM - Linear Kernel
2025-12-18 19:51:30,611:INFO:Total runtime is 0.15657429297765096 minutes
2025-12-18 19:51:30,613:INFO:SubProcess create_model() called ==================================
2025-12-18 19:51:30,614:INFO:Initializing create_model()
2025-12-18 19:51:30,614:INFO:create_model(self=<pycaret.classification.oop.ClassificationExperiment object at 0x000001F83331FBD0>, estimator=svm, fold=StratifiedKFold(n_splits=5, random_state=None, shuffle=False), round=4, cross_validation=True, predict=True, fit_kwargs={}, groups=None, refit=False, probability_threshold=None, experiment_custom_tags=None, verbose=False, system=False, add_to_model_list=True, metrics=None, display=<pycaret.internal.display.display.CommonDisplay object at 0x000001F836E0D450>, model_only=True, return_train_score=False, error_score=0.0, kwargs={})
2025-12-18 19:51:30,614:INFO:Checking exceptions
2025-12-18 19:51:30,614:INFO:Importing libraries
2025-12-18 19:51:30,614:INFO:Copying training dataset
2025-12-18 19:51:30,632:INFO:Defining folds
2025-12-18 19:51:30,632:INFO:Declaring metric variables
2025-12-18 19:51:30,635:INFO:Importing untrained model
2025-12-18 19:51:30,639:INFO:SVM - Linear Kernel Imported successfully
2025-12-18 19:51:30,645:INFO:Starting cross validation
2025-12-18 19:51:30,646:INFO:Cross validating with StratifiedKFold(n_splits=5, random_state=None, shuffle=False), n_jobs=-1
2025-12-18 19:51:30,742:INFO:Calculating mean and std
2025-12-18 19:51:30,743:INFO:Creating metrics dataframe
2025-12-18 19:51:30,745:INFO:Uploading results into container
2025-12-18 19:51:30,746:INFO:Uploading model into container now
2025-12-18 19:51:30,746:INFO:_master_model_container: 5
2025-12-18 19:51:30,747:INFO:_display_container: 2
2025-12-18 19:51:30,747:INFO:SGDClassifier(alpha=0.0001, average=False, class_weight=None,
              early_stopping=False, epsilon=0.1, eta0=0.001, fit_intercept=True,
              l1_ratio=0.15, learning_rate='optimal', loss='hinge',
              max_iter=1000, n_iter_no_change=5, n_jobs=-1, penalty='l2',
              power_t=0.5, random_state=123, shuffle=True, tol=0.001,
              validation_fraction=0.1, verbose=0, warm_start=False)
2025-12-18 19:51:30,747:INFO:create_model() successfully completed......................................
2025-12-18 19:51:30,838:INFO:SubProcess create_model() end ==================================
2025-12-18 19:51:30,838:INFO:Creating metrics dataframe
2025-12-18 19:51:30,845:INFO:Initializing Ridge Classifier
2025-12-18 19:51:30,846:INFO:Total runtime is 0.16046086152394612 minutes
2025-12-18 19:51:30,849:INFO:SubProcess create_model() called ==================================
2025-12-18 19:51:30,850:INFO:Initializing create_model()
2025-12-18 19:51:30,850:INFO:create_model(self=<pycaret.classification.oop.ClassificationExperiment object at 0x000001F83331FBD0>, estimator=ridge, fold=StratifiedKFold(n_splits=5, random_state=None, shuffle=False), round=4, cross_validation=True, predict=True, fit_kwargs={}, groups=None, refit=False, probability_threshold=None, experiment_custom_tags=None, verbose=False, system=False, add_to_model_list=True, metrics=None, display=<pycaret.internal.display.display.CommonDisplay object at 0x000001F836E0D450>, model_only=True, return_train_score=False, error_score=0.0, kwargs={})
2025-12-18 19:51:30,850:INFO:Checking exceptions
2025-12-18 19:51:30,850:INFO:Importing libraries
2025-12-18 19:51:30,850:INFO:Copying training dataset
2025-12-18 19:51:30,864:INFO:Defining folds
2025-12-18 19:51:30,864:INFO:Declaring metric variables
2025-12-18 19:51:30,868:INFO:Importing untrained model
2025-12-18 19:51:30,871:INFO:Ridge Classifier Imported successfully
2025-12-18 19:51:30,876:INFO:Starting cross validation
2025-12-18 19:51:30,878:INFO:Cross validating with StratifiedKFold(n_splits=5, random_state=None, shuffle=False), n_jobs=-1
2025-12-18 19:51:30,961:INFO:Calculating mean and std
2025-12-18 19:51:30,961:INFO:Creating metrics dataframe
2025-12-18 19:51:30,964:INFO:Uploading results into container
2025-12-18 19:51:30,964:INFO:Uploading model into container now
2025-12-18 19:51:30,964:INFO:_master_model_container: 6
2025-12-18 19:51:30,964:INFO:_display_container: 2
2025-12-18 19:51:30,965:INFO:RidgeClassifier(alpha=1.0, class_weight=None, copy_X=True, fit_intercept=True,
                max_iter=None, positive=False, random_state=123, solver='auto',
                tol=0.0001)
2025-12-18 19:51:30,965:INFO:create_model() successfully completed......................................
2025-12-18 19:51:31,067:INFO:SubProcess create_model() end ==================================
2025-12-18 19:51:31,067:INFO:Creating metrics dataframe
2025-12-18 19:51:31,075:INFO:Initializing Random Forest Classifier
2025-12-18 19:51:31,075:INFO:Total runtime is 0.16429771582285563 minutes
2025-12-18 19:51:31,080:INFO:SubProcess create_model() called ==================================
2025-12-18 19:51:31,081:INFO:Initializing create_model()
2025-12-18 19:51:31,081:INFO:create_model(self=<pycaret.classification.oop.ClassificationExperiment object at 0x000001F83331FBD0>, estimator=rf, fold=StratifiedKFold(n_splits=5, random_state=None, shuffle=False), round=4, cross_validation=True, predict=True, fit_kwargs={}, groups=None, refit=False, probability_threshold=None, experiment_custom_tags=None, verbose=False, system=False, add_to_model_list=True, metrics=None, display=<pycaret.internal.display.display.CommonDisplay object at 0x000001F836E0D450>, model_only=True, return_train_score=False, error_score=0.0, kwargs={})
2025-12-18 19:51:31,081:INFO:Checking exceptions
2025-12-18 19:51:31,081:INFO:Importing libraries
2025-12-18 19:51:31,081:INFO:Copying training dataset
2025-12-18 19:51:31,098:INFO:Defining folds
2025-12-18 19:51:31,098:INFO:Declaring metric variables
2025-12-18 19:51:31,102:INFO:Importing untrained model
2025-12-18 19:51:31,105:INFO:Random Forest Classifier Imported successfully
2025-12-18 19:51:31,111:INFO:Starting cross validation
2025-12-18 19:51:31,112:INFO:Cross validating with StratifiedKFold(n_splits=5, random_state=None, shuffle=False), n_jobs=-1
2025-12-18 19:51:31,607:INFO:Calculating mean and std
2025-12-18 19:51:31,608:INFO:Creating metrics dataframe
2025-12-18 19:51:31,610:INFO:Uploading results into container
2025-12-18 19:51:31,611:INFO:Uploading model into container now
2025-12-18 19:51:31,612:INFO:_master_model_container: 7
2025-12-18 19:51:31,612:INFO:_display_container: 2
2025-12-18 19:51:31,612:INFO:RandomForestClassifier(bootstrap=True, ccp_alpha=0.0, class_weight=None,
                       criterion='gini', max_depth=None, max_features='sqrt',
                       max_leaf_nodes=None, max_samples=None,
                       min_impurity_decrease=0.0, min_samples_leaf=1,
                       min_samples_split=2, min_weight_fraction_leaf=0.0,
                       monotonic_cst=None, n_estimators=100, n_jobs=-1,
                       oob_score=False, random_state=123, verbose=0,
                       warm_start=False)
2025-12-18 19:51:31,612:INFO:create_model() successfully completed......................................
2025-12-18 19:51:31,727:INFO:SubProcess create_model() end ==================================
2025-12-18 19:51:31,727:INFO:Creating metrics dataframe
2025-12-18 19:51:31,735:INFO:Initializing Quadratic Discriminant Analysis
2025-12-18 19:51:31,735:INFO:Total runtime is 0.1753056844075521 minutes
2025-12-18 19:51:31,738:INFO:SubProcess create_model() called ==================================
2025-12-18 19:51:31,738:INFO:Initializing create_model()
2025-12-18 19:51:31,738:INFO:create_model(self=<pycaret.classification.oop.ClassificationExperiment object at 0x000001F83331FBD0>, estimator=qda, fold=StratifiedKFold(n_splits=5, random_state=None, shuffle=False), round=4, cross_validation=True, predict=True, fit_kwargs={}, groups=None, refit=False, probability_threshold=None, experiment_custom_tags=None, verbose=False, system=False, add_to_model_list=True, metrics=None, display=<pycaret.internal.display.display.CommonDisplay object at 0x000001F836E0D450>, model_only=True, return_train_score=False, error_score=0.0, kwargs={})
2025-12-18 19:51:31,738:INFO:Checking exceptions
2025-12-18 19:51:31,739:INFO:Importing libraries
2025-12-18 19:51:31,739:INFO:Copying training dataset
2025-12-18 19:51:31,751:INFO:Defining folds
2025-12-18 19:51:31,751:INFO:Declaring metric variables
2025-12-18 19:51:31,754:INFO:Importing untrained model
2025-12-18 19:51:31,757:INFO:Quadratic Discriminant Analysis Imported successfully
2025-12-18 19:51:31,763:INFO:Starting cross validation
2025-12-18 19:51:31,764:INFO:Cross validating with StratifiedKFold(n_splits=5, random_state=None, shuffle=False), n_jobs=-1
2025-12-18 19:51:31,813:WARNING:c:\Users\Cristina\AppData\Local\Programs\Python\Python311\Lib\site-packages\sklearn\discriminant_analysis.py:935: UserWarning: Variables are collinear
  warnings.warn("Variables are collinear")

2025-12-18 19:51:31,816:WARNING:c:\Users\Cristina\AppData\Local\Programs\Python\Python311\Lib\site-packages\sklearn\discriminant_analysis.py:935: UserWarning: Variables are collinear
  warnings.warn("Variables are collinear")

2025-12-18 19:51:31,818:WARNING:c:\Users\Cristina\AppData\Local\Programs\Python\Python311\Lib\site-packages\sklearn\discriminant_analysis.py:935: UserWarning: Variables are collinear
  warnings.warn("Variables are collinear")

2025-12-18 19:51:31,824:WARNING:c:\Users\Cristina\AppData\Local\Programs\Python\Python311\Lib\site-packages\sklearn\discriminant_analysis.py:935: UserWarning: Variables are collinear
  warnings.warn("Variables are collinear")

2025-12-18 19:51:31,827:WARNING:c:\Users\Cristina\AppData\Local\Programs\Python\Python311\Lib\site-packages\sklearn\discriminant_analysis.py:935: UserWarning: Variables are collinear
  warnings.warn("Variables are collinear")

2025-12-18 19:51:31,860:INFO:Calculating mean and std
2025-12-18 19:51:31,861:INFO:Creating metrics dataframe
2025-12-18 19:51:31,863:INFO:Uploading results into container
2025-12-18 19:51:31,864:INFO:Uploading model into container now
2025-12-18 19:51:31,864:INFO:_master_model_container: 8
2025-12-18 19:51:31,864:INFO:_display_container: 2
2025-12-18 19:51:31,864:INFO:QuadraticDiscriminantAnalysis(priors=None, reg_param=0.0,
                              store_covariance=False, tol=0.0001)
2025-12-18 19:51:31,865:INFO:create_model() successfully completed......................................
2025-12-18 19:51:31,965:INFO:SubProcess create_model() end ==================================
2025-12-18 19:51:31,987:INFO:Creating metrics dataframe
2025-12-18 19:51:31,995:INFO:Initializing Ada Boost Classifier
2025-12-18 19:51:31,995:INFO:Total runtime is 0.17962935765584312 minutes
2025-12-18 19:51:31,998:INFO:SubProcess create_model() called ==================================
2025-12-18 19:51:31,998:INFO:Initializing create_model()
2025-12-18 19:51:31,998:INFO:create_model(self=<pycaret.classification.oop.ClassificationExperiment object at 0x000001F83331FBD0>, estimator=ada, fold=StratifiedKFold(n_splits=5, random_state=None, shuffle=False), round=4, cross_validation=True, predict=True, fit_kwargs={}, groups=None, refit=False, probability_threshold=None, experiment_custom_tags=None, verbose=False, system=False, add_to_model_list=True, metrics=None, display=<pycaret.internal.display.display.CommonDisplay object at 0x000001F836E0D450>, model_only=True, return_train_score=False, error_score=0.0, kwargs={})
2025-12-18 19:51:31,999:INFO:Checking exceptions
2025-12-18 19:51:31,999:INFO:Importing libraries
2025-12-18 19:51:31,999:INFO:Copying training dataset
2025-12-18 19:51:32,013:INFO:Defining folds
2025-12-18 19:51:32,014:INFO:Declaring metric variables
2025-12-18 19:51:32,017:INFO:Importing untrained model
2025-12-18 19:51:32,020:INFO:Ada Boost Classifier Imported successfully
2025-12-18 19:51:32,027:INFO:Starting cross validation
2025-12-18 19:51:32,028:INFO:Cross validating with StratifiedKFold(n_splits=5, random_state=None, shuffle=False), n_jobs=-1
2025-12-18 19:51:32,072:WARNING:c:\Users\Cristina\AppData\Local\Programs\Python\Python311\Lib\site-packages\sklearn\ensemble\_weight_boosting.py:519: FutureWarning: The SAMME.R algorithm (the default) is deprecated and will be removed in 1.6. Use the SAMME algorithm to circumvent this warning.
  warnings.warn(

2025-12-18 19:51:32,076:WARNING:c:\Users\Cristina\AppData\Local\Programs\Python\Python311\Lib\site-packages\sklearn\ensemble\_weight_boosting.py:519: FutureWarning: The SAMME.R algorithm (the default) is deprecated and will be removed in 1.6. Use the SAMME algorithm to circumvent this warning.
  warnings.warn(

2025-12-18 19:51:32,077:WARNING:c:\Users\Cristina\AppData\Local\Programs\Python\Python311\Lib\site-packages\sklearn\ensemble\_weight_boosting.py:519: FutureWarning: The SAMME.R algorithm (the default) is deprecated and will be removed in 1.6. Use the SAMME algorithm to circumvent this warning.
  warnings.warn(

2025-12-18 19:51:32,079:WARNING:c:\Users\Cristina\AppData\Local\Programs\Python\Python311\Lib\site-packages\sklearn\ensemble\_weight_boosting.py:519: FutureWarning: The SAMME.R algorithm (the default) is deprecated and will be removed in 1.6. Use the SAMME algorithm to circumvent this warning.
  warnings.warn(

2025-12-18 19:51:32,081:WARNING:c:\Users\Cristina\AppData\Local\Programs\Python\Python311\Lib\site-packages\sklearn\ensemble\_weight_boosting.py:519: FutureWarning: The SAMME.R algorithm (the default) is deprecated and will be removed in 1.6. Use the SAMME algorithm to circumvent this warning.
  warnings.warn(

2025-12-18 19:51:32,464:INFO:Calculating mean and std
2025-12-18 19:51:32,464:INFO:Creating metrics dataframe
2025-12-18 19:51:32,467:INFO:Uploading results into container
2025-12-18 19:51:32,467:INFO:Uploading model into container now
2025-12-18 19:51:32,468:INFO:_master_model_container: 9
2025-12-18 19:51:32,468:INFO:_display_container: 2
2025-12-18 19:51:32,468:INFO:AdaBoostClassifier(algorithm='SAMME.R', estimator=None, learning_rate=1.0,
                   n_estimators=50, random_state=123)
2025-12-18 19:51:32,468:INFO:create_model() successfully completed......................................
2025-12-18 19:51:32,569:INFO:SubProcess create_model() end ==================================
2025-12-18 19:51:32,569:INFO:Creating metrics dataframe
2025-12-18 19:51:32,577:INFO:Initializing Gradient Boosting Classifier
2025-12-18 19:51:32,577:INFO:Total runtime is 0.18933819135030114 minutes
2025-12-18 19:51:32,580:INFO:SubProcess create_model() called ==================================
2025-12-18 19:51:32,580:INFO:Initializing create_model()
2025-12-18 19:51:32,580:INFO:create_model(self=<pycaret.classification.oop.ClassificationExperiment object at 0x000001F83331FBD0>, estimator=gbc, fold=StratifiedKFold(n_splits=5, random_state=None, shuffle=False), round=4, cross_validation=True, predict=True, fit_kwargs={}, groups=None, refit=False, probability_threshold=None, experiment_custom_tags=None, verbose=False, system=False, add_to_model_list=True, metrics=None, display=<pycaret.internal.display.display.CommonDisplay object at 0x000001F836E0D450>, model_only=True, return_train_score=False, error_score=0.0, kwargs={})
2025-12-18 19:51:32,580:INFO:Checking exceptions
2025-12-18 19:51:32,581:INFO:Importing libraries
2025-12-18 19:51:32,581:INFO:Copying training dataset
2025-12-18 19:51:32,593:INFO:Defining folds
2025-12-18 19:51:32,593:INFO:Declaring metric variables
2025-12-18 19:51:32,596:INFO:Importing untrained model
2025-12-18 19:51:32,600:INFO:Gradient Boosting Classifier Imported successfully
2025-12-18 19:51:32,606:INFO:Starting cross validation
2025-12-18 19:51:32,607:INFO:Cross validating with StratifiedKFold(n_splits=5, random_state=None, shuffle=False), n_jobs=-1
2025-12-18 19:51:34,010:INFO:Calculating mean and std
2025-12-18 19:51:34,011:INFO:Creating metrics dataframe
2025-12-18 19:51:34,013:INFO:Uploading results into container
2025-12-18 19:51:34,013:INFO:Uploading model into container now
2025-12-18 19:51:34,014:INFO:_master_model_container: 10
2025-12-18 19:51:34,014:INFO:_display_container: 2
2025-12-18 19:51:34,015:INFO:GradientBoostingClassifier(ccp_alpha=0.0, criterion='friedman_mse', init=None,
                           learning_rate=0.1, loss='log_loss', max_depth=3,
                           max_features=None, max_leaf_nodes=None,
                           min_impurity_decrease=0.0, min_samples_leaf=1,
                           min_samples_split=2, min_weight_fraction_leaf=0.0,
                           n_estimators=100, n_iter_no_change=None,
                           random_state=123, subsample=1.0, tol=0.0001,
                           validation_fraction=0.1, verbose=0,
                           warm_start=False)
2025-12-18 19:51:34,015:INFO:create_model() successfully completed......................................
2025-12-18 19:51:34,114:INFO:SubProcess create_model() end ==================================
2025-12-18 19:51:34,114:INFO:Creating metrics dataframe
2025-12-18 19:51:34,123:INFO:Initializing Linear Discriminant Analysis
2025-12-18 19:51:34,123:INFO:Total runtime is 0.2150949319203695 minutes
2025-12-18 19:51:34,126:INFO:SubProcess create_model() called ==================================
2025-12-18 19:51:34,127:INFO:Initializing create_model()
2025-12-18 19:51:34,127:INFO:create_model(self=<pycaret.classification.oop.ClassificationExperiment object at 0x000001F83331FBD0>, estimator=lda, fold=StratifiedKFold(n_splits=5, random_state=None, shuffle=False), round=4, cross_validation=True, predict=True, fit_kwargs={}, groups=None, refit=False, probability_threshold=None, experiment_custom_tags=None, verbose=False, system=False, add_to_model_list=True, metrics=None, display=<pycaret.internal.display.display.CommonDisplay object at 0x000001F836E0D450>, model_only=True, return_train_score=False, error_score=0.0, kwargs={})
2025-12-18 19:51:34,127:INFO:Checking exceptions
2025-12-18 19:51:34,127:INFO:Importing libraries
2025-12-18 19:51:34,127:INFO:Copying training dataset
2025-12-18 19:51:34,140:INFO:Defining folds
2025-12-18 19:51:34,140:INFO:Declaring metric variables
2025-12-18 19:51:34,143:INFO:Importing untrained model
2025-12-18 19:51:34,147:INFO:Linear Discriminant Analysis Imported successfully
2025-12-18 19:51:34,153:INFO:Starting cross validation
2025-12-18 19:51:34,154:INFO:Cross validating with StratifiedKFold(n_splits=5, random_state=None, shuffle=False), n_jobs=-1
2025-12-18 19:51:34,250:INFO:Calculating mean and std
2025-12-18 19:51:34,251:INFO:Creating metrics dataframe
2025-12-18 19:51:34,253:INFO:Uploading results into container
2025-12-18 19:51:34,253:INFO:Uploading model into container now
2025-12-18 19:51:34,254:INFO:_master_model_container: 11
2025-12-18 19:51:34,254:INFO:_display_container: 2
2025-12-18 19:51:34,254:INFO:LinearDiscriminantAnalysis(covariance_estimator=None, n_components=None,
                           priors=None, shrinkage=None, solver='svd',
                           store_covariance=False, tol=0.0001)
2025-12-18 19:51:34,254:INFO:create_model() successfully completed......................................
2025-12-18 19:51:34,346:INFO:SubProcess create_model() end ==================================
2025-12-18 19:51:34,347:INFO:Creating metrics dataframe
2025-12-18 19:51:34,355:INFO:Initializing Extra Trees Classifier
2025-12-18 19:51:34,355:INFO:Total runtime is 0.21896513303120935 minutes
2025-12-18 19:51:34,358:INFO:SubProcess create_model() called ==================================
2025-12-18 19:51:34,359:INFO:Initializing create_model()
2025-12-18 19:51:34,359:INFO:create_model(self=<pycaret.classification.oop.ClassificationExperiment object at 0x000001F83331FBD0>, estimator=et, fold=StratifiedKFold(n_splits=5, random_state=None, shuffle=False), round=4, cross_validation=True, predict=True, fit_kwargs={}, groups=None, refit=False, probability_threshold=None, experiment_custom_tags=None, verbose=False, system=False, add_to_model_list=True, metrics=None, display=<pycaret.internal.display.display.CommonDisplay object at 0x000001F836E0D450>, model_only=True, return_train_score=False, error_score=0.0, kwargs={})
2025-12-18 19:51:34,359:INFO:Checking exceptions
2025-12-18 19:51:34,359:INFO:Importing libraries
2025-12-18 19:51:34,359:INFO:Copying training dataset
2025-12-18 19:51:34,372:INFO:Defining folds
2025-12-18 19:51:34,372:INFO:Declaring metric variables
2025-12-18 19:51:34,375:INFO:Importing untrained model
2025-12-18 19:51:34,379:INFO:Extra Trees Classifier Imported successfully
2025-12-18 19:51:34,385:INFO:Starting cross validation
2025-12-18 19:51:34,386:INFO:Cross validating with StratifiedKFold(n_splits=5, random_state=None, shuffle=False), n_jobs=-1
2025-12-18 19:51:34,749:INFO:Calculating mean and std
2025-12-18 19:51:34,750:INFO:Creating metrics dataframe
2025-12-18 19:51:34,752:INFO:Uploading results into container
2025-12-18 19:51:34,752:INFO:Uploading model into container now
2025-12-18 19:51:34,753:INFO:_master_model_container: 12
2025-12-18 19:51:34,753:INFO:_display_container: 2
2025-12-18 19:51:34,753:INFO:ExtraTreesClassifier(bootstrap=False, ccp_alpha=0.0, class_weight=None,
                     criterion='gini', max_depth=None, max_features='sqrt',
                     max_leaf_nodes=None, max_samples=None,
                     min_impurity_decrease=0.0, min_samples_leaf=1,
                     min_samples_split=2, min_weight_fraction_leaf=0.0,
                     monotonic_cst=None, n_estimators=100, n_jobs=-1,
                     oob_score=False, random_state=123, verbose=0,
                     warm_start=False)
2025-12-18 19:51:34,754:INFO:create_model() successfully completed......................................
2025-12-18 19:51:34,861:INFO:SubProcess create_model() end ==================================
2025-12-18 19:51:34,861:INFO:Creating metrics dataframe
2025-12-18 19:51:34,870:INFO:Initializing Light Gradient Boosting Machine
2025-12-18 19:51:34,870:INFO:Total runtime is 0.22755593856175743 minutes
2025-12-18 19:51:34,873:INFO:SubProcess create_model() called ==================================
2025-12-18 19:51:34,873:INFO:Initializing create_model()
2025-12-18 19:51:34,874:INFO:create_model(self=<pycaret.classification.oop.ClassificationExperiment object at 0x000001F83331FBD0>, estimator=lightgbm, fold=StratifiedKFold(n_splits=5, random_state=None, shuffle=False), round=4, cross_validation=True, predict=True, fit_kwargs={}, groups=None, refit=False, probability_threshold=None, experiment_custom_tags=None, verbose=False, system=False, add_to_model_list=True, metrics=None, display=<pycaret.internal.display.display.CommonDisplay object at 0x000001F836E0D450>, model_only=True, return_train_score=False, error_score=0.0, kwargs={})
2025-12-18 19:51:34,874:INFO:Checking exceptions
2025-12-18 19:51:34,874:INFO:Importing libraries
2025-12-18 19:51:34,874:INFO:Copying training dataset
2025-12-18 19:51:34,887:INFO:Defining folds
2025-12-18 19:51:34,887:INFO:Declaring metric variables
2025-12-18 19:51:34,890:INFO:Importing untrained model
2025-12-18 19:51:34,893:INFO:Light Gradient Boosting Machine Imported successfully
2025-12-18 19:51:34,899:INFO:Starting cross validation
2025-12-18 19:51:34,900:INFO:Cross validating with StratifiedKFold(n_splits=5, random_state=None, shuffle=False), n_jobs=-1
2025-12-18 19:51:35,467:INFO:Calculating mean and std
2025-12-18 19:51:35,468:INFO:Creating metrics dataframe
2025-12-18 19:51:35,471:INFO:Uploading results into container
2025-12-18 19:51:35,471:INFO:Uploading model into container now
2025-12-18 19:51:35,472:INFO:_master_model_container: 13
2025-12-18 19:51:35,472:INFO:_display_container: 2
2025-12-18 19:51:35,473:INFO:LGBMClassifier(boosting_type='gbdt', class_weight=None, colsample_bytree=1.0,
               importance_type='split', learning_rate=0.1, max_depth=-1,
               min_child_samples=20, min_child_weight=0.001, min_split_gain=0.0,
               n_estimators=100, n_jobs=-1, num_leaves=31, objective=None,
               random_state=123, reg_alpha=0.0, reg_lambda=0.0, subsample=1.0,
               subsample_for_bin=200000, subsample_freq=0)
2025-12-18 19:51:35,473:INFO:create_model() successfully completed......................................
2025-12-18 19:51:35,585:INFO:SubProcess create_model() end ==================================
2025-12-18 19:51:35,585:INFO:Creating metrics dataframe
2025-12-18 19:51:35,594:INFO:Initializing Dummy Classifier
2025-12-18 19:51:35,594:INFO:Total runtime is 0.23961691061655682 minutes
2025-12-18 19:51:35,598:INFO:SubProcess create_model() called ==================================
2025-12-18 19:51:35,598:INFO:Initializing create_model()
2025-12-18 19:51:35,598:INFO:create_model(self=<pycaret.classification.oop.ClassificationExperiment object at 0x000001F83331FBD0>, estimator=dummy, fold=StratifiedKFold(n_splits=5, random_state=None, shuffle=False), round=4, cross_validation=True, predict=True, fit_kwargs={}, groups=None, refit=False, probability_threshold=None, experiment_custom_tags=None, verbose=False, system=False, add_to_model_list=True, metrics=None, display=<pycaret.internal.display.display.CommonDisplay object at 0x000001F836E0D450>, model_only=True, return_train_score=False, error_score=0.0, kwargs={})
2025-12-18 19:51:35,598:INFO:Checking exceptions
2025-12-18 19:51:35,598:INFO:Importing libraries
2025-12-18 19:51:35,598:INFO:Copying training dataset
2025-12-18 19:51:35,611:INFO:Defining folds
2025-12-18 19:51:35,611:INFO:Declaring metric variables
2025-12-18 19:51:35,614:INFO:Importing untrained model
2025-12-18 19:51:35,618:INFO:Dummy Classifier Imported successfully
2025-12-18 19:51:35,624:INFO:Starting cross validation
2025-12-18 19:51:35,626:INFO:Cross validating with StratifiedKFold(n_splits=5, random_state=None, shuffle=False), n_jobs=-1
2025-12-18 19:51:35,680:WARNING:c:\Users\Cristina\AppData\Local\Programs\Python\Python311\Lib\site-packages\sklearn\metrics\_classification.py:1509: UndefinedMetricWarning: Precision is ill-defined and being set to 0.0 due to no predicted samples. Use `zero_division` parameter to control this behavior.
  _warn_prf(average, modifier, f"{metric.capitalize()} is", len(result))

2025-12-18 19:51:35,683:WARNING:c:\Users\Cristina\AppData\Local\Programs\Python\Python311\Lib\site-packages\sklearn\metrics\_classification.py:1509: UndefinedMetricWarning: Precision is ill-defined and being set to 0.0 due to no predicted samples. Use `zero_division` parameter to control this behavior.
  _warn_prf(average, modifier, f"{metric.capitalize()} is", len(result))

2025-12-18 19:51:35,685:WARNING:c:\Users\Cristina\AppData\Local\Programs\Python\Python311\Lib\site-packages\sklearn\metrics\_classification.py:1509: UndefinedMetricWarning: Precision is ill-defined and being set to 0.0 due to no predicted samples. Use `zero_division` parameter to control this behavior.
  _warn_prf(average, modifier, f"{metric.capitalize()} is", len(result))

2025-12-18 19:51:35,688:WARNING:c:\Users\Cristina\AppData\Local\Programs\Python\Python311\Lib\site-packages\sklearn\metrics\_classification.py:1509: UndefinedMetricWarning: Precision is ill-defined and being set to 0.0 due to no predicted samples. Use `zero_division` parameter to control this behavior.
  _warn_prf(average, modifier, f"{metric.capitalize()} is", len(result))

2025-12-18 19:51:35,690:WARNING:c:\Users\Cristina\AppData\Local\Programs\Python\Python311\Lib\site-packages\sklearn\metrics\_classification.py:1509: UndefinedMetricWarning: Precision is ill-defined and being set to 0.0 due to no predicted samples. Use `zero_division` parameter to control this behavior.
  _warn_prf(average, modifier, f"{metric.capitalize()} is", len(result))

2025-12-18 19:51:35,700:INFO:Calculating mean and std
2025-12-18 19:51:35,700:INFO:Creating metrics dataframe
2025-12-18 19:51:35,702:INFO:Uploading results into container
2025-12-18 19:51:35,702:INFO:Uploading model into container now
2025-12-18 19:51:35,703:INFO:_master_model_container: 14
2025-12-18 19:51:35,703:INFO:_display_container: 2
2025-12-18 19:51:35,703:INFO:DummyClassifier(constant=None, random_state=123, strategy='prior')
2025-12-18 19:51:35,703:INFO:create_model() successfully completed......................................
2025-12-18 19:51:35,795:INFO:SubProcess create_model() end ==================================
2025-12-18 19:51:35,795:INFO:Creating metrics dataframe
2025-12-18 19:51:35,806:WARNING:c:\Users\Cristina\AppData\Local\Programs\Python\Python311\Lib\site-packages\pycaret\internal\pycaret_experiment\supervised_experiment.py:339: FutureWarning: Styler.applymap has been deprecated. Use Styler.map instead.
  .applymap(highlight_cols, subset=["TT (Sec)"])

2025-12-18 19:51:35,814:INFO:Initializing create_model()
2025-12-18 19:51:35,814:INFO:create_model(self=<pycaret.classification.oop.ClassificationExperiment object at 0x000001F83331FBD0>, estimator=LGBMClassifier(boosting_type='gbdt', class_weight=None, colsample_bytree=1.0,
               importance_type='split', learning_rate=0.1, max_depth=-1,
               min_child_samples=20, min_child_weight=0.001, min_split_gain=0.0,
               n_estimators=100, n_jobs=-1, num_leaves=31, objective=None,
               random_state=123, reg_alpha=0.0, reg_lambda=0.0, subsample=1.0,
               subsample_for_bin=200000, subsample_freq=0), fold=StratifiedKFold(n_splits=5, random_state=None, shuffle=False), round=4, cross_validation=False, predict=False, fit_kwargs={}, groups=None, refit=True, probability_threshold=None, experiment_custom_tags=None, verbose=False, system=False, add_to_model_list=True, metrics=None, display=None, model_only=True, return_train_score=False, error_score=0.0, kwargs={})
2025-12-18 19:51:35,814:INFO:Checking exceptions
2025-12-18 19:51:35,816:INFO:Importing libraries
2025-12-18 19:51:35,816:INFO:Copying training dataset
2025-12-18 19:51:35,828:INFO:Defining folds
2025-12-18 19:51:35,829:INFO:Declaring metric variables
2025-12-18 19:51:35,829:INFO:Importing untrained model
2025-12-18 19:51:35,829:INFO:Declaring custom model
2025-12-18 19:51:35,830:INFO:Light Gradient Boosting Machine Imported successfully
2025-12-18 19:51:35,831:INFO:Cross validation set to False
2025-12-18 19:51:35,831:INFO:Fitting Model
2025-12-18 19:51:35,863:INFO:[LightGBM] [Warning] Found whitespace in feature_names, replace with underlines
2025-12-18 19:51:35,864:INFO:[LightGBM] [Info] Number of positive: 1912, number of negative: 3018
2025-12-18 19:51:35,866:INFO:[LightGBM] [Info] Auto-choosing row-wise multi-threading, the overhead of testing was 0.000550 seconds.
2025-12-18 19:51:35,866:INFO:You can set `force_row_wise=true` to remove the overhead.
2025-12-18 19:51:35,866:INFO:And if memory is not enough, you can set `force_col_wise=true`.
2025-12-18 19:51:35,866:INFO:[LightGBM] [Info] Total Bins 1737
2025-12-18 19:51:35,866:INFO:[LightGBM] [Info] Number of data points in the train set: 4930, number of used features: 35
2025-12-18 19:51:35,867:INFO:[LightGBM] [Info] [binary:BoostFromScore]: pavg=0.387830 -> initscore=-0.456445
2025-12-18 19:51:35,867:INFO:[LightGBM] [Info] Start training from score -0.456445
2025-12-18 19:51:35,996:INFO:LGBMClassifier(boosting_type='gbdt', class_weight=None, colsample_bytree=1.0,
               importance_type='split', learning_rate=0.1, max_depth=-1,
               min_child_samples=20, min_child_weight=0.001, min_split_gain=0.0,
               n_estimators=100, n_jobs=-1, num_leaves=31, objective=None,
               random_state=123, reg_alpha=0.0, reg_lambda=0.0, subsample=1.0,
               subsample_for_bin=200000, subsample_freq=0)
2025-12-18 19:51:35,997:INFO:create_model() successfully completed......................................
2025-12-18 19:51:36,129:INFO:_master_model_container: 14
2025-12-18 19:51:36,129:INFO:_display_container: 2
2025-12-18 19:51:36,130:INFO:LGBMClassifier(boosting_type='gbdt', class_weight=None, colsample_bytree=1.0,
               importance_type='split', learning_rate=0.1, max_depth=-1,
               min_child_samples=20, min_child_weight=0.001, min_split_gain=0.0,
               n_estimators=100, n_jobs=-1, num_leaves=31, objective=None,
               random_state=123, reg_alpha=0.0, reg_lambda=0.0, subsample=1.0,
               subsample_for_bin=200000, subsample_freq=0)
2025-12-18 19:51:36,130:INFO:compare_models() successfully completed......................................
2025-12-18 19:51:53,914:INFO:Initializing tune_model()
2025-12-18 19:51:53,914:INFO:tune_model(self=<pycaret.classification.oop.ClassificationExperiment object at 0x000001F83331FBD0>, estimator=LGBMClassifier(boosting_type='gbdt', class_weight=None, colsample_bytree=1.0,
               importance_type='split', learning_rate=0.1, max_depth=-1,
               min_child_samples=20, min_child_weight=0.001, min_split_gain=0.0,
               n_estimators=100, n_jobs=-1, num_leaves=31, objective=None,
               random_state=123, reg_alpha=0.0, reg_lambda=0.0, subsample=1.0,
               subsample_for_bin=200000, subsample_freq=0), fold=5, round=4, n_iter=10, custom_grid=None, optimize=Accuracy, custom_scorer=None, search_library=scikit-learn, search_algorithm=None, early_stopping=False, early_stopping_max_iters=10, choose_better=True, fit_kwargs=None, groups=None, return_tuner=False, verbose=True, tuner_verbose=True, return_train_score=False, kwargs={})
2025-12-18 19:51:53,915:INFO:Checking exceptions
2025-12-18 19:51:53,932:INFO:Copying training dataset
2025-12-18 19:51:53,942:INFO:Checking base model
2025-12-18 19:51:53,942:INFO:Base model : Light Gradient Boosting Machine
2025-12-18 19:51:53,946:INFO:Declaring metric variables
2025-12-18 19:51:53,950:INFO:Defining Hyperparameters
2025-12-18 19:51:54,049:INFO:Tuning with n_jobs=-1
2025-12-18 19:51:54,049:INFO:Initializing RandomizedSearchCV
2025-12-18 19:51:56,900:INFO:best_params: {'actual_estimator__reg_lambda': 0.1, 'actual_estimator__reg_alpha': 0.0001, 'actual_estimator__num_leaves': 10, 'actual_estimator__n_estimators': 180, 'actual_estimator__min_split_gain': 0.7, 'actual_estimator__min_child_samples': 96, 'actual_estimator__learning_rate': 0.05, 'actual_estimator__feature_fraction': 0.9, 'actual_estimator__bagging_freq': 4, 'actual_estimator__bagging_fraction': 0.6}
2025-12-18 19:51:56,901:INFO:Hyperparameter search completed
2025-12-18 19:51:56,901:INFO:SubProcess create_model() called ==================================
2025-12-18 19:51:56,902:INFO:Initializing create_model()
2025-12-18 19:51:56,902:INFO:create_model(self=<pycaret.classification.oop.ClassificationExperiment object at 0x000001F83331FBD0>, estimator=LGBMClassifier(boosting_type='gbdt', class_weight=None, colsample_bytree=1.0,
               importance_type='split', learning_rate=0.1, max_depth=-1,
               min_child_samples=20, min_child_weight=0.001, min_split_gain=0.0,
               n_estimators=100, n_jobs=-1, num_leaves=31, objective=None,
               random_state=123, reg_alpha=0.0, reg_lambda=0.0, subsample=1.0,
               subsample_for_bin=200000, subsample_freq=0), fold=StratifiedKFold(n_splits=5, random_state=None, shuffle=False), round=4, cross_validation=True, predict=True, fit_kwargs={}, groups=None, refit=True, probability_threshold=None, experiment_custom_tags=None, verbose=True, system=False, add_to_model_list=True, metrics=None, display=<pycaret.internal.display.display.CommonDisplay object at 0x000001F837284490>, model_only=True, return_train_score=False, error_score=0.0, kwargs={'reg_lambda': 0.1, 'reg_alpha': 0.0001, 'num_leaves': 10, 'n_estimators': 180, 'min_split_gain': 0.7, 'min_child_samples': 96, 'learning_rate': 0.05, 'feature_fraction': 0.9, 'bagging_freq': 4, 'bagging_fraction': 0.6})
2025-12-18 19:51:56,902:INFO:Checking exceptions
2025-12-18 19:51:56,902:INFO:Importing libraries
2025-12-18 19:51:56,902:INFO:Copying training dataset
2025-12-18 19:51:56,919:INFO:Defining folds
2025-12-18 19:51:56,919:INFO:Declaring metric variables
2025-12-18 19:51:56,923:INFO:Importing untrained model
2025-12-18 19:51:56,924:INFO:Declaring custom model
2025-12-18 19:51:56,929:INFO:Light Gradient Boosting Machine Imported successfully
2025-12-18 19:51:56,936:INFO:Starting cross validation
2025-12-18 19:51:56,937:INFO:Cross validating with StratifiedKFold(n_splits=5, random_state=None, shuffle=False), n_jobs=-1
2025-12-18 19:51:57,433:INFO:Calculating mean and std
2025-12-18 19:51:57,434:INFO:Creating metrics dataframe
2025-12-18 19:51:57,441:INFO:Finalizing model
2025-12-18 19:51:57,472:INFO:[LightGBM] [Warning] feature_fraction is set=0.9, colsample_bytree=1.0 will be ignored. Current value: feature_fraction=0.9
2025-12-18 19:51:57,472:INFO:[LightGBM] [Warning] bagging_fraction is set=0.6, subsample=1.0 will be ignored. Current value: bagging_fraction=0.6
2025-12-18 19:51:57,472:INFO:[LightGBM] [Warning] bagging_freq is set=4, subsample_freq=0 will be ignored. Current value: bagging_freq=4
2025-12-18 19:51:57,480:INFO:[LightGBM] [Warning] Found whitespace in feature_names, replace with underlines
2025-12-18 19:51:57,481:INFO:[LightGBM] [Warning] feature_fraction is set=0.9, colsample_bytree=1.0 will be ignored. Current value: feature_fraction=0.9
2025-12-18 19:51:57,481:INFO:[LightGBM] [Warning] bagging_fraction is set=0.6, subsample=1.0 will be ignored. Current value: bagging_fraction=0.6
2025-12-18 19:51:57,481:INFO:[LightGBM] [Warning] bagging_freq is set=4, subsample_freq=0 will be ignored. Current value: bagging_freq=4
2025-12-18 19:51:57,481:INFO:[LightGBM] [Info] Number of positive: 1912, number of negative: 3018
2025-12-18 19:51:57,483:INFO:[LightGBM] [Info] Auto-choosing row-wise multi-threading, the overhead of testing was 0.000561 seconds.
2025-12-18 19:51:57,483:INFO:You can set `force_row_wise=true` to remove the overhead.
2025-12-18 19:51:57,483:INFO:And if memory is not enough, you can set `force_col_wise=true`.
2025-12-18 19:51:57,483:INFO:[LightGBM] [Info] Total Bins 1737
2025-12-18 19:51:57,483:INFO:[LightGBM] [Info] Number of data points in the train set: 4930, number of used features: 35
2025-12-18 19:51:57,484:INFO:[LightGBM] [Info] [binary:BoostFromScore]: pavg=0.387830 -> initscore=-0.456445
2025-12-18 19:51:57,484:INFO:[LightGBM] [Info] Start training from score -0.456445
2025-12-18 19:51:57,485:INFO:[LightGBM] [Warning] No further splits with positive gain, best gain: -inf
2025-12-18 19:51:57,486:INFO:[LightGBM] [Warning] No further splits with positive gain, best gain: -inf
2025-12-18 19:51:57,487:INFO:[LightGBM] [Warning] No further splits with positive gain, best gain: -inf
2025-12-18 19:51:57,488:INFO:[LightGBM] [Warning] No further splits with positive gain, best gain: -inf
2025-12-18 19:51:57,489:INFO:[LightGBM] [Warning] No further splits with positive gain, best gain: -inf
2025-12-18 19:51:57,490:INFO:[LightGBM] [Warning] No further splits with positive gain, best gain: -inf
2025-12-18 19:51:57,491:INFO:[LightGBM] [Warning] No further splits with positive gain, best gain: -inf
2025-12-18 19:51:57,491:INFO:[LightGBM] [Warning] No further splits with positive gain, best gain: -inf
2025-12-18 19:51:57,494:INFO:[LightGBM] [Warning] No further splits with positive gain, best gain: -inf
2025-12-18 19:51:57,494:INFO:[LightGBM] [Warning] No further splits with positive gain, best gain: -inf
2025-12-18 19:51:57,496:INFO:[LightGBM] [Warning] No further splits with positive gain, best gain: -inf
2025-12-18 19:51:57,497:INFO:[LightGBM] [Warning] No further splits with positive gain, best gain: -inf
2025-12-18 19:51:57,498:INFO:[LightGBM] [Warning] No further splits with positive gain, best gain: -inf
2025-12-18 19:51:57,498:INFO:[LightGBM] [Warning] No further splits with positive gain, best gain: -inf
2025-12-18 19:51:57,499:INFO:[LightGBM] [Warning] No further splits with positive gain, best gain: -inf
2025-12-18 19:51:57,500:INFO:[LightGBM] [Warning] No further splits with positive gain, best gain: -inf
2025-12-18 19:51:57,501:INFO:[LightGBM] [Warning] No further splits with positive gain, best gain: -inf
2025-12-18 19:51:57,501:INFO:[LightGBM] [Warning] No further splits with positive gain, best gain: -inf
2025-12-18 19:51:57,502:INFO:[LightGBM] [Warning] No further splits with positive gain, best gain: -inf
2025-12-18 19:51:57,505:INFO:[LightGBM] [Warning] No further splits with positive gain, best gain: -inf
2025-12-18 19:51:57,506:INFO:[LightGBM] [Warning] No further splits with positive gain, best gain: -inf
2025-12-18 19:51:57,516:INFO:[LightGBM] [Warning] No further splits with positive gain, best gain: -inf
2025-12-18 19:51:57,516:INFO:[LightGBM] [Warning] No further splits with positive gain, best gain: -inf
2025-12-18 19:51:57,517:INFO:[LightGBM] [Warning] No further splits with positive gain, best gain: -inf
2025-12-18 19:51:57,517:INFO:[LightGBM] [Warning] No further splits with positive gain, best gain: -inf
2025-12-18 19:51:57,523:INFO:[LightGBM] [Warning] No further splits with positive gain, best gain: -inf
2025-12-18 19:51:57,609:INFO:Uploading results into container
2025-12-18 19:51:57,610:INFO:Uploading model into container now
2025-12-18 19:51:57,611:INFO:_master_model_container: 15
2025-12-18 19:51:57,611:INFO:_display_container: 3
2025-12-18 19:51:57,612:INFO:LGBMClassifier(bagging_fraction=0.6, bagging_freq=4, boosting_type='gbdt',
               class_weight=None, colsample_bytree=1.0, feature_fraction=0.9,
               importance_type='split', learning_rate=0.05, max_depth=-1,
               min_child_samples=96, min_child_weight=0.001, min_split_gain=0.7,
               n_estimators=180, n_jobs=-1, num_leaves=10, objective=None,
               random_state=123, reg_alpha=0.0001, reg_lambda=0.1,
               subsample=1.0, subsample_for_bin=200000, subsample_freq=0)
2025-12-18 19:51:57,612:INFO:create_model() successfully completed......................................
2025-12-18 19:51:57,722:INFO:SubProcess create_model() end ==================================
2025-12-18 19:51:57,722:INFO:choose_better activated
2025-12-18 19:51:57,725:INFO:SubProcess create_model() called ==================================
2025-12-18 19:51:57,726:INFO:Initializing create_model()
2025-12-18 19:51:57,726:INFO:create_model(self=<pycaret.classification.oop.ClassificationExperiment object at 0x000001F83331FBD0>, estimator=LGBMClassifier(boosting_type='gbdt', class_weight=None, colsample_bytree=1.0,
               importance_type='split', learning_rate=0.1, max_depth=-1,
               min_child_samples=20, min_child_weight=0.001, min_split_gain=0.0,
               n_estimators=100, n_jobs=-1, num_leaves=31, objective=None,
               random_state=123, reg_alpha=0.0, reg_lambda=0.0, subsample=1.0,
               subsample_for_bin=200000, subsample_freq=0), fold=StratifiedKFold(n_splits=5, random_state=None, shuffle=False), round=4, cross_validation=True, predict=True, fit_kwargs={}, groups=None, refit=True, probability_threshold=None, experiment_custom_tags=None, verbose=False, system=False, add_to_model_list=True, metrics=None, display=None, model_only=True, return_train_score=False, error_score=0.0, kwargs={})
2025-12-18 19:51:57,726:INFO:Checking exceptions
2025-12-18 19:51:57,728:INFO:Importing libraries
2025-12-18 19:51:57,728:INFO:Copying training dataset
2025-12-18 19:51:57,741:INFO:Defining folds
2025-12-18 19:51:57,741:INFO:Declaring metric variables
2025-12-18 19:51:57,741:INFO:Importing untrained model
2025-12-18 19:51:57,741:INFO:Declaring custom model
2025-12-18 19:51:57,742:INFO:Light Gradient Boosting Machine Imported successfully
2025-12-18 19:51:57,743:INFO:Starting cross validation
2025-12-18 19:51:57,744:INFO:Cross validating with StratifiedKFold(n_splits=5, random_state=None, shuffle=False), n_jobs=-1
2025-12-18 19:51:58,301:INFO:Calculating mean and std
2025-12-18 19:51:58,302:INFO:Creating metrics dataframe
2025-12-18 19:51:58,304:INFO:Finalizing model
2025-12-18 19:51:58,343:INFO:[LightGBM] [Warning] Found whitespace in feature_names, replace with underlines
2025-12-18 19:51:58,343:INFO:[LightGBM] [Info] Number of positive: 1912, number of negative: 3018
2025-12-18 19:51:58,345:INFO:[LightGBM] [Info] Auto-choosing col-wise multi-threading, the overhead of testing was 0.001369 seconds.
2025-12-18 19:51:58,345:INFO:You can set `force_col_wise=true` to remove the overhead.
2025-12-18 19:51:58,346:INFO:[LightGBM] [Info] Total Bins 1737
2025-12-18 19:51:58,346:INFO:[LightGBM] [Info] Number of data points in the train set: 4930, number of used features: 35
2025-12-18 19:51:58,346:INFO:[LightGBM] [Info] [binary:BoostFromScore]: pavg=0.387830 -> initscore=-0.456445
2025-12-18 19:51:58,346:INFO:[LightGBM] [Info] Start training from score -0.456445
2025-12-18 19:51:58,486:INFO:Uploading results into container
2025-12-18 19:51:58,487:INFO:Uploading model into container now
2025-12-18 19:51:58,487:INFO:_master_model_container: 16
2025-12-18 19:51:58,487:INFO:_display_container: 4
2025-12-18 19:51:58,488:INFO:LGBMClassifier(boosting_type='gbdt', class_weight=None, colsample_bytree=1.0,
               importance_type='split', learning_rate=0.1, max_depth=-1,
               min_child_samples=20, min_child_weight=0.001, min_split_gain=0.0,
               n_estimators=100, n_jobs=-1, num_leaves=31, objective=None,
               random_state=123, reg_alpha=0.0, reg_lambda=0.0, subsample=1.0,
               subsample_for_bin=200000, subsample_freq=0)
2025-12-18 19:51:58,488:INFO:create_model() successfully completed......................................
2025-12-18 19:51:58,596:INFO:SubProcess create_model() end ==================================
2025-12-18 19:51:58,597:INFO:LGBMClassifier(boosting_type='gbdt', class_weight=None, colsample_bytree=1.0,
               importance_type='split', learning_rate=0.1, max_depth=-1,
               min_child_samples=20, min_child_weight=0.001, min_split_gain=0.0,
               n_estimators=100, n_jobs=-1, num_leaves=31, objective=None,
               random_state=123, reg_alpha=0.0, reg_lambda=0.0, subsample=1.0,
               subsample_for_bin=200000, subsample_freq=0) result for Accuracy is 0.9641
2025-12-18 19:51:58,598:INFO:LGBMClassifier(bagging_fraction=0.6, bagging_freq=4, boosting_type='gbdt',
               class_weight=None, colsample_bytree=1.0, feature_fraction=0.9,
               importance_type='split', learning_rate=0.05, max_depth=-1,
               min_child_samples=96, min_child_weight=0.001, min_split_gain=0.7,
               n_estimators=180, n_jobs=-1, num_leaves=10, objective=None,
               random_state=123, reg_alpha=0.0001, reg_lambda=0.1,
               subsample=1.0, subsample_for_bin=200000, subsample_freq=0) result for Accuracy is 0.9619
2025-12-18 19:51:58,598:INFO:LGBMClassifier(boosting_type='gbdt', class_weight=None, colsample_bytree=1.0,
               importance_type='split', learning_rate=0.1, max_depth=-1,
               min_child_samples=20, min_child_weight=0.001, min_split_gain=0.0,
               n_estimators=100, n_jobs=-1, num_leaves=31, objective=None,
               random_state=123, reg_alpha=0.0, reg_lambda=0.0, subsample=1.0,
               subsample_for_bin=200000, subsample_freq=0) is best model
2025-12-18 19:51:58,598:INFO:choose_better completed
2025-12-18 19:51:58,599:INFO:Original model was better than the tuned model, hence it will be returned. NOTE: The display metrics are for the tuned model (not the original one).
2025-12-18 19:51:58,607:INFO:_master_model_container: 16
2025-12-18 19:51:58,607:INFO:_display_container: 3
2025-12-18 19:51:58,608:INFO:LGBMClassifier(boosting_type='gbdt', class_weight=None, colsample_bytree=1.0,
               importance_type='split', learning_rate=0.1, max_depth=-1,
               min_child_samples=20, min_child_weight=0.001, min_split_gain=0.0,
               n_estimators=100, n_jobs=-1, num_leaves=31, objective=None,
               random_state=123, reg_alpha=0.0, reg_lambda=0.0, subsample=1.0,
               subsample_for_bin=200000, subsample_freq=0)
2025-12-18 19:51:58,609:INFO:tune_model() successfully completed......................................
2025-12-18 19:52:26,606:INFO:Initializing evaluate_model()
2025-12-18 19:52:26,606:INFO:evaluate_model(self=<pycaret.classification.oop.ClassificationExperiment object at 0x000001F83331FBD0>, estimator=LGBMClassifier(boosting_type='gbdt', class_weight=None, colsample_bytree=1.0,
               importance_type='split', learning_rate=0.1, max_depth=-1,
               min_child_samples=20, min_child_weight=0.001, min_split_gain=0.0,
               n_estimators=100, n_jobs=-1, num_leaves=31, objective=None,
               random_state=123, reg_alpha=0.0, reg_lambda=0.0, subsample=1.0,
               subsample_for_bin=200000, subsample_freq=0), fold=None, fit_kwargs=None, plot_kwargs=None, feature_name=None, groups=None)
2025-12-18 19:52:26,618:INFO:Initializing plot_model()
2025-12-18 19:52:26,618:INFO:plot_model(self=<pycaret.classification.oop.ClassificationExperiment object at 0x000001F83331FBD0>, estimator=LGBMClassifier(boosting_type='gbdt', class_weight=None, colsample_bytree=1.0,
               importance_type='split', learning_rate=0.1, max_depth=-1,
               min_child_samples=20, min_child_weight=0.001, min_split_gain=0.0,
               n_estimators=100, n_jobs=-1, num_leaves=31, objective=None,
               random_state=123, reg_alpha=0.0, reg_lambda=0.0, subsample=1.0,
               subsample_for_bin=200000, subsample_freq=0), plot=pipeline, scale=1, save=False, fold=StratifiedKFold(n_splits=10, random_state=None, shuffle=False), fit_kwargs={}, plot_kwargs=None, groups=None, feature_name=None, label=False, verbose=False, system=True, display=None, display_format=None)
2025-12-18 19:52:26,618:INFO:Checking exceptions
2025-12-18 19:52:26,624:INFO:Preloading libraries
2025-12-18 19:52:26,630:INFO:Copying training dataset
2025-12-18 19:52:26,630:INFO:Plot type: pipeline
2025-12-18 19:52:26,814:INFO:Visual Rendered Successfully
2025-12-18 19:52:26,919:INFO:plot_model() successfully completed......................................
2025-12-18 19:52:28,960:INFO:Initializing plot_model()
2025-12-18 19:52:28,961:INFO:plot_model(self=<pycaret.classification.oop.ClassificationExperiment object at 0x000001F83331FBD0>, estimator=LGBMClassifier(boosting_type='gbdt', class_weight=None, colsample_bytree=1.0,
               importance_type='split', learning_rate=0.1, max_depth=-1,
               min_child_samples=20, min_child_weight=0.001, min_split_gain=0.0,
               n_estimators=100, n_jobs=-1, num_leaves=31, objective=None,
               random_state=123, reg_alpha=0.0, reg_lambda=0.0, subsample=1.0,
               subsample_for_bin=200000, subsample_freq=0), plot=parameter, scale=1, save=False, fold=StratifiedKFold(n_splits=10, random_state=None, shuffle=False), fit_kwargs={}, plot_kwargs=None, groups=None, feature_name=None, label=False, verbose=False, system=True, display=None, display_format=None)
2025-12-18 19:52:28,961:INFO:Checking exceptions
2025-12-18 19:52:28,968:INFO:Preloading libraries
2025-12-18 19:52:28,973:INFO:Copying training dataset
2025-12-18 19:52:28,973:INFO:Plot type: parameter
2025-12-18 19:52:28,978:INFO:Visual Rendered Successfully
2025-12-18 19:52:29,109:INFO:plot_model() successfully completed......................................
2025-12-18 19:52:35,969:INFO:Initializing plot_model()
2025-12-18 19:52:35,969:INFO:plot_model(self=<pycaret.classification.oop.ClassificationExperiment object at 0x000001F83331FBD0>, estimator=LGBMClassifier(boosting_type='gbdt', class_weight=None, colsample_bytree=1.0,
               importance_type='split', learning_rate=0.1, max_depth=-1,
               min_child_samples=20, min_child_weight=0.001, min_split_gain=0.0,
               n_estimators=100, n_jobs=-1, num_leaves=31, objective=None,
               random_state=123, reg_alpha=0.0, reg_lambda=0.0, subsample=1.0,
               subsample_for_bin=200000, subsample_freq=0), plot=auc, scale=1, save=False, fold=StratifiedKFold(n_splits=10, random_state=None, shuffle=False), fit_kwargs={}, plot_kwargs=None, groups=None, feature_name=None, label=False, verbose=False, system=True, display=None, display_format=None)
2025-12-18 19:52:35,969:INFO:Checking exceptions
2025-12-18 19:52:35,975:INFO:Preloading libraries
2025-12-18 19:52:35,979:INFO:Copying training dataset
2025-12-18 19:52:35,980:INFO:Plot type: auc
2025-12-18 19:52:36,181:INFO:Fitting Model
2025-12-18 19:52:36,182:INFO:Scoring test/hold-out set
2025-12-18 19:52:36,350:INFO:Visual Rendered Successfully
2025-12-18 19:52:36,452:INFO:plot_model() successfully completed......................................
2025-12-18 19:52:37,441:INFO:Initializing plot_model()
2025-12-18 19:52:37,441:INFO:plot_model(self=<pycaret.classification.oop.ClassificationExperiment object at 0x000001F83331FBD0>, estimator=LGBMClassifier(boosting_type='gbdt', class_weight=None, colsample_bytree=1.0,
               importance_type='split', learning_rate=0.1, max_depth=-1,
               min_child_samples=20, min_child_weight=0.001, min_split_gain=0.0,
               n_estimators=100, n_jobs=-1, num_leaves=31, objective=None,
               random_state=123, reg_alpha=0.0, reg_lambda=0.0, subsample=1.0,
               subsample_for_bin=200000, subsample_freq=0), plot=confusion_matrix, scale=1, save=False, fold=StratifiedKFold(n_splits=10, random_state=None, shuffle=False), fit_kwargs={}, plot_kwargs=None, groups=None, feature_name=None, label=False, verbose=False, system=True, display=None, display_format=None)
2025-12-18 19:52:37,441:INFO:Checking exceptions
2025-12-18 19:52:37,447:INFO:Preloading libraries
2025-12-18 19:52:37,451:INFO:Copying training dataset
2025-12-18 19:52:37,451:INFO:Plot type: confusion_matrix
2025-12-18 19:52:37,659:INFO:Fitting Model
2025-12-18 19:52:37,659:INFO:Scoring test/hold-out set
2025-12-18 19:52:37,754:INFO:Visual Rendered Successfully
2025-12-18 19:52:37,893:INFO:plot_model() successfully completed......................................
2025-12-18 19:52:41,466:INFO:Initializing plot_model()
2025-12-18 19:52:41,467:INFO:plot_model(self=<pycaret.classification.oop.ClassificationExperiment object at 0x000001F83331FBD0>, estimator=LGBMClassifier(boosting_type='gbdt', class_weight=None, colsample_bytree=1.0,
               importance_type='split', learning_rate=0.1, max_depth=-1,
               min_child_samples=20, min_child_weight=0.001, min_split_gain=0.0,
               n_estimators=100, n_jobs=-1, num_leaves=31, objective=None,
               random_state=123, reg_alpha=0.0, reg_lambda=0.0, subsample=1.0,
               subsample_for_bin=200000, subsample_freq=0), plot=threshold, scale=1, save=False, fold=StratifiedKFold(n_splits=10, random_state=None, shuffle=False), fit_kwargs={}, plot_kwargs=None, groups=None, feature_name=None, label=False, verbose=False, system=True, display=None, display_format=None)
2025-12-18 19:52:41,467:INFO:Checking exceptions
2025-12-18 19:52:41,472:INFO:Preloading libraries
2025-12-18 19:52:41,479:INFO:Copying training dataset
2025-12-18 19:52:41,479:INFO:Plot type: threshold
2025-12-18 19:52:41,680:INFO:Fitting Model
2025-12-18 19:52:41,689:INFO:[LightGBM] [Warning] Found whitespace in feature_names, replace with underlines
2025-12-18 19:52:41,690:INFO:[LightGBM] [Info] Number of positive: 1734, number of negative: 2703
2025-12-18 19:52:41,692:INFO:[LightGBM] [Info] Auto-choosing col-wise multi-threading, the overhead of testing was 0.001363 seconds.
2025-12-18 19:52:41,692:INFO:You can set `force_col_wise=true` to remove the overhead.
2025-12-18 19:52:41,692:INFO:[LightGBM] [Info] Total Bins 1737
2025-12-18 19:52:41,692:INFO:[LightGBM] [Info] Number of data points in the train set: 4437, number of used features: 35
2025-12-18 19:52:41,692:INFO:[LightGBM] [Info] [binary:BoostFromScore]: pavg=0.390805 -> initscore=-0.443931
2025-12-18 19:52:41,692:INFO:[LightGBM] [Info] Start training from score -0.443931
2025-12-18 19:52:41,827:INFO:[LightGBM] [Warning] Found whitespace in feature_names, replace with underlines
2025-12-18 19:52:41,828:INFO:[LightGBM] [Info] Number of positive: 1717, number of negative: 2720
2025-12-18 19:52:41,829:INFO:[LightGBM] [Info] Auto-choosing col-wise multi-threading, the overhead of testing was 0.001181 seconds.
2025-12-18 19:52:41,829:INFO:You can set `force_col_wise=true` to remove the overhead.
2025-12-18 19:52:41,830:INFO:[LightGBM] [Info] Total Bins 1737
2025-12-18 19:52:41,830:INFO:[LightGBM] [Info] Number of data points in the train set: 4437, number of used features: 35
2025-12-18 19:52:41,830:INFO:[LightGBM] [Info] [binary:BoostFromScore]: pavg=0.386973 -> initscore=-0.460053
2025-12-18 19:52:41,830:INFO:[LightGBM] [Info] Start training from score -0.460053
2025-12-18 19:52:41,959:INFO:[LightGBM] [Warning] Found whitespace in feature_names, replace with underlines
2025-12-18 19:52:41,959:INFO:[LightGBM] [Info] Number of positive: 1733, number of negative: 2704
2025-12-18 19:52:41,961:INFO:[LightGBM] [Info] Auto-choosing col-wise multi-threading, the overhead of testing was 0.001293 seconds.
2025-12-18 19:52:41,961:INFO:You can set `force_col_wise=true` to remove the overhead.
2025-12-18 19:52:41,962:INFO:[LightGBM] [Info] Total Bins 1737
2025-12-18 19:52:41,962:INFO:[LightGBM] [Info] Number of data points in the train set: 4437, number of used features: 35
2025-12-18 19:52:41,962:INFO:[LightGBM] [Info] [binary:BoostFromScore]: pavg=0.390579 -> initscore=-0.444878
2025-12-18 19:52:41,962:INFO:[LightGBM] [Info] Start training from score -0.444878
2025-12-18 19:52:42,092:INFO:[LightGBM] [Warning] Found whitespace in feature_names, replace with underlines
2025-12-18 19:52:42,092:INFO:[LightGBM] [Info] Number of positive: 1706, number of negative: 2731
2025-12-18 19:52:42,094:INFO:[LightGBM] [Info] Auto-choosing col-wise multi-threading, the overhead of testing was 0.001201 seconds.
2025-12-18 19:52:42,094:INFO:You can set `force_col_wise=true` to remove the overhead.
2025-12-18 19:52:42,094:INFO:[LightGBM] [Info] Total Bins 1737
2025-12-18 19:52:42,094:INFO:[LightGBM] [Info] Number of data points in the train set: 4437, number of used features: 35
2025-12-18 19:52:42,095:INFO:[LightGBM] [Info] [binary:BoostFromScore]: pavg=0.384494 -> initscore=-0.470516
2025-12-18 19:52:42,095:INFO:[LightGBM] [Info] Start training from score -0.470516
2025-12-18 19:52:42,234:INFO:[LightGBM] [Warning] Found whitespace in feature_names, replace with underlines
2025-12-18 19:52:42,235:INFO:[LightGBM] [Info] Number of positive: 1713, number of negative: 2724
2025-12-18 19:52:42,236:INFO:[LightGBM] [Info] Auto-choosing col-wise multi-threading, the overhead of testing was 0.001252 seconds.
2025-12-18 19:52:42,236:INFO:You can set `force_col_wise=true` to remove the overhead.
2025-12-18 19:52:42,237:INFO:[LightGBM] [Info] Total Bins 1737
2025-12-18 19:52:42,237:INFO:[LightGBM] [Info] Number of data points in the train set: 4437, number of used features: 35
2025-12-18 19:52:42,237:INFO:[LightGBM] [Info] [binary:BoostFromScore]: pavg=0.386072 -> initscore=-0.463855
2025-12-18 19:52:42,237:INFO:[LightGBM] [Info] Start training from score -0.463855
2025-12-18 19:52:42,369:INFO:[LightGBM] [Warning] Found whitespace in feature_names, replace with underlines
2025-12-18 19:52:42,369:INFO:[LightGBM] [Info] Number of positive: 1731, number of negative: 2706
2025-12-18 19:52:42,371:INFO:[LightGBM] [Info] Auto-choosing col-wise multi-threading, the overhead of testing was 0.001163 seconds.
2025-12-18 19:52:42,371:INFO:You can set `force_col_wise=true` to remove the overhead.
2025-12-18 19:52:42,371:INFO:[LightGBM] [Info] Total Bins 1737
2025-12-18 19:52:42,371:INFO:[LightGBM] [Info] Number of data points in the train set: 4437, number of used features: 35
2025-12-18 19:52:42,371:INFO:[LightGBM] [Info] [binary:BoostFromScore]: pavg=0.390128 -> initscore=-0.446772
2025-12-18 19:52:42,371:INFO:[LightGBM] [Info] Start training from score -0.446772
2025-12-18 19:52:42,513:INFO:[LightGBM] [Warning] Found whitespace in feature_names, replace with underlines
2025-12-18 19:52:42,513:INFO:[LightGBM] [Info] Number of positive: 1724, number of negative: 2713
2025-12-18 19:52:42,515:INFO:[LightGBM] [Info] Auto-choosing col-wise multi-threading, the overhead of testing was 0.001067 seconds.
2025-12-18 19:52:42,515:INFO:You can set `force_col_wise=true` to remove the overhead.
2025-12-18 19:52:42,515:INFO:[LightGBM] [Info] Total Bins 1737
2025-12-18 19:52:42,515:INFO:[LightGBM] [Info] Number of data points in the train set: 4437, number of used features: 35
2025-12-18 19:52:42,516:INFO:[LightGBM] [Info] [binary:BoostFromScore]: pavg=0.388551 -> initscore=-0.453408
2025-12-18 19:52:42,516:INFO:[LightGBM] [Info] Start training from score -0.453408
2025-12-18 19:52:42,642:INFO:[LightGBM] [Warning] Found whitespace in feature_names, replace with underlines
2025-12-18 19:52:42,642:INFO:[LightGBM] [Info] Number of positive: 1712, number of negative: 2725
2025-12-18 19:52:42,644:INFO:[LightGBM] [Info] Auto-choosing col-wise multi-threading, the overhead of testing was 0.001152 seconds.
2025-12-18 19:52:42,644:INFO:You can set `force_col_wise=true` to remove the overhead.
2025-12-18 19:52:42,644:INFO:[LightGBM] [Info] Total Bins 1737
2025-12-18 19:52:42,644:INFO:[LightGBM] [Info] Number of data points in the train set: 4437, number of used features: 35
2025-12-18 19:52:42,644:INFO:[LightGBM] [Info] [binary:BoostFromScore]: pavg=0.385846 -> initscore=-0.464806
2025-12-18 19:52:42,645:INFO:[LightGBM] [Info] Start training from score -0.464806
2025-12-18 19:52:42,769:INFO:[LightGBM] [Warning] Found whitespace in feature_names, replace with underlines
2025-12-18 19:52:42,770:INFO:[LightGBM] [Info] Number of positive: 1734, number of negative: 2703
2025-12-18 19:52:42,771:INFO:[LightGBM] [Info] Auto-choosing col-wise multi-threading, the overhead of testing was 0.001034 seconds.
2025-12-18 19:52:42,771:INFO:You can set `force_col_wise=true` to remove the overhead.
2025-12-18 19:52:42,771:INFO:[LightGBM] [Info] Total Bins 1737
2025-12-18 19:52:42,771:INFO:[LightGBM] [Info] Number of data points in the train set: 4437, number of used features: 35
2025-12-18 19:52:42,772:INFO:[LightGBM] [Info] [binary:BoostFromScore]: pavg=0.390805 -> initscore=-0.443931
2025-12-18 19:52:42,772:INFO:[LightGBM] [Info] Start training from score -0.443931
2025-12-18 19:52:42,899:INFO:[LightGBM] [Warning] Found whitespace in feature_names, replace with underlines
2025-12-18 19:52:42,899:INFO:[LightGBM] [Info] Number of positive: 1723, number of negative: 2714
2025-12-18 19:52:42,901:INFO:[LightGBM] [Info] Auto-choosing col-wise multi-threading, the overhead of testing was 0.001189 seconds.
2025-12-18 19:52:42,901:INFO:You can set `force_col_wise=true` to remove the overhead.
2025-12-18 19:52:42,901:INFO:[LightGBM] [Info] Total Bins 1737
2025-12-18 19:52:42,901:INFO:[LightGBM] [Info] Number of data points in the train set: 4437, number of used features: 35
2025-12-18 19:52:42,901:INFO:[LightGBM] [Info] [binary:BoostFromScore]: pavg=0.388325 -> initscore=-0.454357
2025-12-18 19:52:42,902:INFO:[LightGBM] [Info] Start training from score -0.454357
2025-12-18 19:52:43,035:INFO:[LightGBM] [Warning] Found whitespace in feature_names, replace with underlines
2025-12-18 19:52:43,035:INFO:[LightGBM] [Info] Number of positive: 1722, number of negative: 2715
2025-12-18 19:52:43,037:INFO:[LightGBM] [Info] Auto-choosing col-wise multi-threading, the overhead of testing was 0.001179 seconds.
2025-12-18 19:52:43,037:INFO:You can set `force_col_wise=true` to remove the overhead.
2025-12-18 19:52:43,037:INFO:[LightGBM] [Info] Total Bins 1737
2025-12-18 19:52:43,037:INFO:[LightGBM] [Info] Number of data points in the train set: 4437, number of used features: 35
2025-12-18 19:52:43,037:INFO:[LightGBM] [Info] [binary:BoostFromScore]: pavg=0.388100 -> initscore=-0.455306
2025-12-18 19:52:43,038:INFO:[LightGBM] [Info] Start training from score -0.455306
2025-12-18 19:52:43,171:INFO:[LightGBM] [Warning] Found whitespace in feature_names, replace with underlines
2025-12-18 19:52:43,171:INFO:[LightGBM] [Info] Number of positive: 1721, number of negative: 2716
2025-12-18 19:52:43,173:INFO:[LightGBM] [Info] Auto-choosing col-wise multi-threading, the overhead of testing was 0.001261 seconds.
2025-12-18 19:52:43,173:INFO:You can set `force_col_wise=true` to remove the overhead.
2025-12-18 19:52:43,173:INFO:[LightGBM] [Info] Total Bins 1737
2025-12-18 19:52:43,173:INFO:[LightGBM] [Info] Number of data points in the train set: 4437, number of used features: 35
2025-12-18 19:52:43,174:INFO:[LightGBM] [Info] [binary:BoostFromScore]: pavg=0.387875 -> initscore=-0.456255
2025-12-18 19:52:43,174:INFO:[LightGBM] [Info] Start training from score -0.456255
2025-12-18 19:52:43,309:INFO:[LightGBM] [Warning] Found whitespace in feature_names, replace with underlines
2025-12-18 19:52:43,309:INFO:[LightGBM] [Info] Number of positive: 1716, number of negative: 2721
2025-12-18 19:52:43,311:INFO:[LightGBM] [Info] Auto-choosing col-wise multi-threading, the overhead of testing was 0.001215 seconds.
2025-12-18 19:52:43,311:INFO:You can set `force_col_wise=true` to remove the overhead.
2025-12-18 19:52:43,311:INFO:[LightGBM] [Info] Total Bins 1737
2025-12-18 19:52:43,311:INFO:[LightGBM] [Info] Number of data points in the train set: 4437, number of used features: 35
2025-12-18 19:52:43,311:INFO:[LightGBM] [Info] [binary:BoostFromScore]: pavg=0.386748 -> initscore=-0.461003
2025-12-18 19:52:43,311:INFO:[LightGBM] [Info] Start training from score -0.461003
2025-12-18 19:52:43,443:INFO:[LightGBM] [Warning] Found whitespace in feature_names, replace with underlines
2025-12-18 19:52:43,444:INFO:[LightGBM] [Info] Number of positive: 1748, number of negative: 2689
2025-12-18 19:52:43,445:INFO:[LightGBM] [Info] Auto-choosing col-wise multi-threading, the overhead of testing was 0.001297 seconds.
2025-12-18 19:52:43,445:INFO:You can set `force_col_wise=true` to remove the overhead.
2025-12-18 19:52:43,446:INFO:[LightGBM] [Info] Total Bins 1737
2025-12-18 19:52:43,446:INFO:[LightGBM] [Info] Number of data points in the train set: 4437, number of used features: 35
2025-12-18 19:52:43,446:INFO:[LightGBM] [Info] [binary:BoostFromScore]: pavg=0.393960 -> initscore=-0.430697
2025-12-18 19:52:43,446:INFO:[LightGBM] [Info] Start training from score -0.430697
2025-12-18 19:52:43,573:INFO:[LightGBM] [Warning] Found whitespace in feature_names, replace with underlines
2025-12-18 19:52:43,573:INFO:[LightGBM] [Info] Number of positive: 1734, number of negative: 2703
2025-12-18 19:52:43,575:INFO:[LightGBM] [Info] Auto-choosing col-wise multi-threading, the overhead of testing was 0.001094 seconds.
2025-12-18 19:52:43,575:INFO:You can set `force_col_wise=true` to remove the overhead.
2025-12-18 19:52:43,575:INFO:[LightGBM] [Info] Total Bins 1737
2025-12-18 19:52:43,575:INFO:[LightGBM] [Info] Number of data points in the train set: 4437, number of used features: 35
2025-12-18 19:52:43,576:INFO:[LightGBM] [Info] [binary:BoostFromScore]: pavg=0.390805 -> initscore=-0.443931
2025-12-18 19:52:43,576:INFO:[LightGBM] [Info] Start training from score -0.443931
2025-12-18 19:52:43,708:INFO:[LightGBM] [Warning] Found whitespace in feature_names, replace with underlines
2025-12-18 19:52:43,708:INFO:[LightGBM] [Info] Number of positive: 1704, number of negative: 2733
2025-12-18 19:52:43,710:INFO:[LightGBM] [Info] Auto-choosing col-wise multi-threading, the overhead of testing was 0.001209 seconds.
2025-12-18 19:52:43,710:INFO:You can set `force_col_wise=true` to remove the overhead.
2025-12-18 19:52:43,710:INFO:[LightGBM] [Info] Total Bins 1737
2025-12-18 19:52:43,710:INFO:[LightGBM] [Info] Number of data points in the train set: 4437, number of used features: 35
2025-12-18 19:52:43,711:INFO:[LightGBM] [Info] [binary:BoostFromScore]: pavg=0.384043 -> initscore=-0.472421
2025-12-18 19:52:43,711:INFO:[LightGBM] [Info] Start training from score -0.472421
2025-12-18 19:52:43,843:INFO:[LightGBM] [Warning] Found whitespace in feature_names, replace with underlines
2025-12-18 19:52:43,844:INFO:[LightGBM] [Info] Number of positive: 1723, number of negative: 2714
2025-12-18 19:52:43,845:INFO:[LightGBM] [Info] Auto-choosing col-wise multi-threading, the overhead of testing was 0.001150 seconds.
2025-12-18 19:52:43,846:INFO:You can set `force_col_wise=true` to remove the overhead.
2025-12-18 19:52:43,846:INFO:[LightGBM] [Info] Total Bins 1737
2025-12-18 19:52:43,846:INFO:[LightGBM] [Info] Number of data points in the train set: 4437, number of used features: 35
2025-12-18 19:52:43,846:INFO:[LightGBM] [Info] [binary:BoostFromScore]: pavg=0.388325 -> initscore=-0.454357
2025-12-18 19:52:43,846:INFO:[LightGBM] [Info] Start training from score -0.454357
2025-12-18 19:52:43,977:INFO:[LightGBM] [Warning] Found whitespace in feature_names, replace with underlines
2025-12-18 19:52:43,977:INFO:[LightGBM] [Info] Number of positive: 1719, number of negative: 2718
2025-12-18 19:52:43,979:INFO:[LightGBM] [Info] Auto-choosing col-wise multi-threading, the overhead of testing was 0.001179 seconds.
2025-12-18 19:52:43,979:INFO:You can set `force_col_wise=true` to remove the overhead.
2025-12-18 19:52:43,979:INFO:[LightGBM] [Info] Total Bins 1737
2025-12-18 19:52:43,980:INFO:[LightGBM] [Info] Number of data points in the train set: 4437, number of used features: 35
2025-12-18 19:52:43,980:INFO:[LightGBM] [Info] [binary:BoostFromScore]: pavg=0.387424 -> initscore=-0.458154
2025-12-18 19:52:43,980:INFO:[LightGBM] [Info] Start training from score -0.458154
2025-12-18 19:52:44,108:INFO:[LightGBM] [Warning] Found whitespace in feature_names, replace with underlines
2025-12-18 19:52:44,109:INFO:[LightGBM] [Info] Number of positive: 1735, number of negative: 2702
2025-12-18 19:52:44,110:INFO:[LightGBM] [Info] Auto-choosing col-wise multi-threading, the overhead of testing was 0.001253 seconds.
2025-12-18 19:52:44,111:INFO:You can set `force_col_wise=true` to remove the overhead.
2025-12-18 19:52:44,111:INFO:[LightGBM] [Info] Total Bins 1737
2025-12-18 19:52:44,111:INFO:[LightGBM] [Info] Number of data points in the train set: 4437, number of used features: 35
2025-12-18 19:52:44,111:INFO:[LightGBM] [Info] [binary:BoostFromScore]: pavg=0.391030 -> initscore=-0.442985
2025-12-18 19:52:44,111:INFO:[LightGBM] [Info] Start training from score -0.442985
2025-12-18 19:52:44,241:INFO:[LightGBM] [Warning] Found whitespace in feature_names, replace with underlines
2025-12-18 19:52:44,242:INFO:[LightGBM] [Info] Number of positive: 1713, number of negative: 2724
2025-12-18 19:52:44,243:INFO:[LightGBM] [Info] Auto-choosing col-wise multi-threading, the overhead of testing was 0.001270 seconds.
2025-12-18 19:52:44,243:INFO:You can set `force_col_wise=true` to remove the overhead.
2025-12-18 19:52:44,244:INFO:[LightGBM] [Info] Total Bins 1737
2025-12-18 19:52:44,244:INFO:[LightGBM] [Info] Number of data points in the train set: 4437, number of used features: 35
2025-12-18 19:52:44,244:INFO:[LightGBM] [Info] [binary:BoostFromScore]: pavg=0.386072 -> initscore=-0.463855
2025-12-18 19:52:44,244:INFO:[LightGBM] [Info] Start training from score -0.463855
2025-12-18 19:52:44,377:INFO:[LightGBM] [Warning] Found whitespace in feature_names, replace with underlines
2025-12-18 19:52:44,378:INFO:[LightGBM] [Info] Number of positive: 1738, number of negative: 2699
2025-12-18 19:52:44,379:INFO:[LightGBM] [Info] Auto-choosing col-wise multi-threading, the overhead of testing was 0.001259 seconds.
2025-12-18 19:52:44,379:INFO:You can set `force_col_wise=true` to remove the overhead.
2025-12-18 19:52:44,380:INFO:[LightGBM] [Info] Total Bins 1737
2025-12-18 19:52:44,380:INFO:[LightGBM] [Info] Number of data points in the train set: 4437, number of used features: 35
2025-12-18 19:52:44,380:INFO:[LightGBM] [Info] [binary:BoostFromScore]: pavg=0.391706 -> initscore=-0.440146
2025-12-18 19:52:44,380:INFO:[LightGBM] [Info] Start training from score -0.440146
2025-12-18 19:52:44,509:INFO:[LightGBM] [Warning] Found whitespace in feature_names, replace with underlines
2025-12-18 19:52:44,509:INFO:[LightGBM] [Info] Number of positive: 1728, number of negative: 2709
2025-12-18 19:52:44,510:INFO:[LightGBM] [Info] Auto-choosing col-wise multi-threading, the overhead of testing was 0.000956 seconds.
2025-12-18 19:52:44,511:INFO:You can set `force_col_wise=true` to remove the overhead.
2025-12-18 19:52:44,511:INFO:[LightGBM] [Info] Total Bins 1737
2025-12-18 19:52:44,511:INFO:[LightGBM] [Info] Number of data points in the train set: 4437, number of used features: 35
2025-12-18 19:52:44,511:INFO:[LightGBM] [Info] [binary:BoostFromScore]: pavg=0.389452 -> initscore=-0.449615
2025-12-18 19:52:44,511:INFO:[LightGBM] [Info] Start training from score -0.449615
2025-12-18 19:52:44,641:INFO:[LightGBM] [Warning] Found whitespace in feature_names, replace with underlines
2025-12-18 19:52:44,641:INFO:[LightGBM] [Info] Number of positive: 1719, number of negative: 2718
2025-12-18 19:52:44,643:INFO:[LightGBM] [Info] Auto-choosing col-wise multi-threading, the overhead of testing was 0.001289 seconds.
2025-12-18 19:52:44,643:INFO:You can set `force_col_wise=true` to remove the overhead.
2025-12-18 19:52:44,643:INFO:[LightGBM] [Info] Total Bins 1737
2025-12-18 19:52:44,643:INFO:[LightGBM] [Info] Number of data points in the train set: 4437, number of used features: 35
2025-12-18 19:52:44,644:INFO:[LightGBM] [Info] [binary:BoostFromScore]: pavg=0.387424 -> initscore=-0.458154
2025-12-18 19:52:44,644:INFO:[LightGBM] [Info] Start training from score -0.458154
2025-12-18 19:52:44,772:INFO:[LightGBM] [Warning] Found whitespace in feature_names, replace with underlines
2025-12-18 19:52:44,772:INFO:[LightGBM] [Info] Number of positive: 1720, number of negative: 2717
2025-12-18 19:52:44,776:INFO:[LightGBM] [Info] Auto-choosing row-wise multi-threading, the overhead of testing was 0.000673 seconds.
2025-12-18 19:52:44,776:INFO:You can set `force_row_wise=true` to remove the overhead.
2025-12-18 19:52:44,776:INFO:And if memory is not enough, you can set `force_col_wise=true`.
2025-12-18 19:52:44,776:INFO:[LightGBM] [Info] Total Bins 1737
2025-12-18 19:52:44,776:INFO:[LightGBM] [Info] Number of data points in the train set: 4437, number of used features: 35
2025-12-18 19:52:44,776:INFO:[LightGBM] [Info] [binary:BoostFromScore]: pavg=0.387649 -> initscore=-0.457204
2025-12-18 19:52:44,776:INFO:[LightGBM] [Info] Start training from score -0.457204
2025-12-18 19:52:44,924:INFO:[LightGBM] [Warning] Found whitespace in feature_names, replace with underlines
2025-12-18 19:52:44,924:INFO:[LightGBM] [Info] Number of positive: 1702, number of negative: 2735
2025-12-18 19:52:44,926:INFO:[LightGBM] [Info] Auto-choosing col-wise multi-threading, the overhead of testing was 0.001432 seconds.
2025-12-18 19:52:44,926:INFO:You can set `force_col_wise=true` to remove the overhead.
2025-12-18 19:52:44,926:INFO:[LightGBM] [Info] Total Bins 1737
2025-12-18 19:52:44,926:INFO:[LightGBM] [Info] Number of data points in the train set: 4437, number of used features: 35
2025-12-18 19:52:44,927:INFO:[LightGBM] [Info] [binary:BoostFromScore]: pavg=0.383593 -> initscore=-0.474327
2025-12-18 19:52:44,927:INFO:[LightGBM] [Info] Start training from score -0.474327
2025-12-18 19:52:45,054:INFO:[LightGBM] [Warning] Found whitespace in feature_names, replace with underlines
2025-12-18 19:52:45,054:INFO:[LightGBM] [Info] Number of positive: 1704, number of negative: 2733
2025-12-18 19:52:45,056:INFO:[LightGBM] [Info] Auto-choosing col-wise multi-threading, the overhead of testing was 0.001228 seconds.
2025-12-18 19:52:45,056:INFO:You can set `force_col_wise=true` to remove the overhead.
2025-12-18 19:52:45,056:INFO:[LightGBM] [Info] Total Bins 1737
2025-12-18 19:52:45,056:INFO:[LightGBM] [Info] Number of data points in the train set: 4437, number of used features: 35
2025-12-18 19:52:45,057:INFO:[LightGBM] [Info] [binary:BoostFromScore]: pavg=0.384043 -> initscore=-0.472421
2025-12-18 19:52:45,057:INFO:[LightGBM] [Info] Start training from score -0.472421
2025-12-18 19:52:45,186:INFO:[LightGBM] [Warning] Found whitespace in feature_names, replace with underlines
2025-12-18 19:52:45,187:INFO:[LightGBM] [Info] Number of positive: 1717, number of negative: 2720
2025-12-18 19:52:45,188:INFO:[LightGBM] [Info] Auto-choosing col-wise multi-threading, the overhead of testing was 0.001194 seconds.
2025-12-18 19:52:45,188:INFO:You can set `force_col_wise=true` to remove the overhead.
2025-12-18 19:52:45,188:INFO:[LightGBM] [Info] Total Bins 1737
2025-12-18 19:52:45,189:INFO:[LightGBM] [Info] Number of data points in the train set: 4437, number of used features: 35
2025-12-18 19:52:45,189:INFO:[LightGBM] [Info] [binary:BoostFromScore]: pavg=0.386973 -> initscore=-0.460053
2025-12-18 19:52:45,189:INFO:[LightGBM] [Info] Start training from score -0.460053
2025-12-18 19:52:45,316:INFO:[LightGBM] [Warning] Found whitespace in feature_names, replace with underlines
2025-12-18 19:52:45,316:INFO:[LightGBM] [Info] Number of positive: 1735, number of negative: 2702
2025-12-18 19:52:45,318:INFO:[LightGBM] [Info] Auto-choosing col-wise multi-threading, the overhead of testing was 0.001216 seconds.
2025-12-18 19:52:45,318:INFO:You can set `force_col_wise=true` to remove the overhead.
2025-12-18 19:52:45,318:INFO:[LightGBM] [Info] Total Bins 1737
2025-12-18 19:52:45,318:INFO:[LightGBM] [Info] Number of data points in the train set: 4437, number of used features: 35
2025-12-18 19:52:45,319:INFO:[LightGBM] [Info] [binary:BoostFromScore]: pavg=0.391030 -> initscore=-0.442985
2025-12-18 19:52:45,319:INFO:[LightGBM] [Info] Start training from score -0.442985
2025-12-18 19:52:45,447:INFO:[LightGBM] [Warning] Found whitespace in feature_names, replace with underlines
2025-12-18 19:52:45,447:INFO:[LightGBM] [Info] Number of positive: 1730, number of negative: 2707
2025-12-18 19:52:45,449:INFO:[LightGBM] [Info] Auto-choosing col-wise multi-threading, the overhead of testing was 0.001302 seconds.
2025-12-18 19:52:45,449:INFO:You can set `force_col_wise=true` to remove the overhead.
2025-12-18 19:52:45,449:INFO:[LightGBM] [Info] Total Bins 1737
2025-12-18 19:52:45,449:INFO:[LightGBM] [Info] Number of data points in the train set: 4437, number of used features: 35
2025-12-18 19:52:45,450:INFO:[LightGBM] [Info] [binary:BoostFromScore]: pavg=0.389903 -> initscore=-0.447720
2025-12-18 19:52:45,450:INFO:[LightGBM] [Info] Start training from score -0.447720
2025-12-18 19:52:45,577:INFO:[LightGBM] [Warning] Found whitespace in feature_names, replace with underlines
2025-12-18 19:52:45,578:INFO:[LightGBM] [Info] Number of positive: 1717, number of negative: 2720
2025-12-18 19:52:45,579:INFO:[LightGBM] [Info] Auto-choosing col-wise multi-threading, the overhead of testing was 0.001071 seconds.
2025-12-18 19:52:45,579:INFO:You can set `force_col_wise=true` to remove the overhead.
2025-12-18 19:52:45,579:INFO:[LightGBM] [Info] Total Bins 1737
2025-12-18 19:52:45,580:INFO:[LightGBM] [Info] Number of data points in the train set: 4437, number of used features: 35
2025-12-18 19:52:45,580:INFO:[LightGBM] [Info] [binary:BoostFromScore]: pavg=0.386973 -> initscore=-0.460053
2025-12-18 19:52:45,580:INFO:[LightGBM] [Info] Start training from score -0.460053
2025-12-18 19:52:45,710:INFO:[LightGBM] [Warning] Found whitespace in feature_names, replace with underlines
2025-12-18 19:52:45,710:INFO:[LightGBM] [Info] Number of positive: 1719, number of negative: 2718
2025-12-18 19:52:45,712:INFO:[LightGBM] [Info] Auto-choosing col-wise multi-threading, the overhead of testing was 0.001140 seconds.
2025-12-18 19:52:45,712:INFO:You can set `force_col_wise=true` to remove the overhead.
2025-12-18 19:52:45,712:INFO:[LightGBM] [Info] Total Bins 1737
2025-12-18 19:52:45,712:INFO:[LightGBM] [Info] Number of data points in the train set: 4437, number of used features: 35
2025-12-18 19:52:45,713:INFO:[LightGBM] [Info] [binary:BoostFromScore]: pavg=0.387424 -> initscore=-0.458154
2025-12-18 19:52:45,713:INFO:[LightGBM] [Info] Start training from score -0.458154
2025-12-18 19:52:45,839:INFO:[LightGBM] [Warning] Found whitespace in feature_names, replace with underlines
2025-12-18 19:52:45,840:INFO:[LightGBM] [Info] Number of positive: 1695, number of negative: 2742
2025-12-18 19:52:45,841:INFO:[LightGBM] [Info] Auto-choosing col-wise multi-threading, the overhead of testing was 0.001144 seconds.
2025-12-18 19:52:45,841:INFO:You can set `force_col_wise=true` to remove the overhead.
2025-12-18 19:52:45,841:INFO:[LightGBM] [Info] Total Bins 1737
2025-12-18 19:52:45,842:INFO:[LightGBM] [Info] Number of data points in the train set: 4437, number of used features: 35
2025-12-18 19:52:45,842:INFO:[LightGBM] [Info] [binary:BoostFromScore]: pavg=0.382015 -> initscore=-0.481005
2025-12-18 19:52:45,842:INFO:[LightGBM] [Info] Start training from score -0.481005
2025-12-18 19:52:45,973:INFO:[LightGBM] [Warning] Found whitespace in feature_names, replace with underlines
2025-12-18 19:52:45,973:INFO:[LightGBM] [Info] Number of positive: 1721, number of negative: 2716
2025-12-18 19:52:45,975:INFO:[LightGBM] [Info] Auto-choosing col-wise multi-threading, the overhead of testing was 0.001248 seconds.
2025-12-18 19:52:45,975:INFO:You can set `force_col_wise=true` to remove the overhead.
2025-12-18 19:52:45,975:INFO:[LightGBM] [Info] Total Bins 1737
2025-12-18 19:52:45,975:INFO:[LightGBM] [Info] Number of data points in the train set: 4437, number of used features: 35
2025-12-18 19:52:45,976:INFO:[LightGBM] [Info] [binary:BoostFromScore]: pavg=0.387875 -> initscore=-0.456255
2025-12-18 19:52:45,976:INFO:[LightGBM] [Info] Start training from score -0.456255
2025-12-18 19:52:46,130:INFO:[LightGBM] [Warning] Found whitespace in feature_names, replace with underlines
2025-12-18 19:52:46,130:INFO:[LightGBM] [Info] Number of positive: 1702, number of negative: 2735
2025-12-18 19:52:46,132:INFO:[LightGBM] [Info] Auto-choosing col-wise multi-threading, the overhead of testing was 0.001059 seconds.
2025-12-18 19:52:46,132:INFO:You can set `force_col_wise=true` to remove the overhead.
2025-12-18 19:52:46,132:INFO:[LightGBM] [Info] Total Bins 1737
2025-12-18 19:52:46,132:INFO:[LightGBM] [Info] Number of data points in the train set: 4437, number of used features: 35
2025-12-18 19:52:46,133:INFO:[LightGBM] [Info] [binary:BoostFromScore]: pavg=0.383593 -> initscore=-0.474327
2025-12-18 19:52:46,133:INFO:[LightGBM] [Info] Start training from score -0.474327
2025-12-18 19:52:46,260:INFO:[LightGBM] [Warning] Found whitespace in feature_names, replace with underlines
2025-12-18 19:52:46,260:INFO:[LightGBM] [Info] Number of positive: 1709, number of negative: 2728
2025-12-18 19:52:46,262:INFO:[LightGBM] [Info] Auto-choosing col-wise multi-threading, the overhead of testing was 0.001195 seconds.
2025-12-18 19:52:46,262:INFO:You can set `force_col_wise=true` to remove the overhead.
2025-12-18 19:52:46,262:INFO:[LightGBM] [Info] Total Bins 1737
2025-12-18 19:52:46,262:INFO:[LightGBM] [Info] Number of data points in the train set: 4437, number of used features: 35
2025-12-18 19:52:46,262:INFO:[LightGBM] [Info] [binary:BoostFromScore]: pavg=0.385170 -> initscore=-0.467660
2025-12-18 19:52:46,263:INFO:[LightGBM] [Info] Start training from score -0.467660
2025-12-18 19:52:46,393:INFO:[LightGBM] [Warning] Found whitespace in feature_names, replace with underlines
2025-12-18 19:52:46,394:INFO:[LightGBM] [Info] Number of positive: 1730, number of negative: 2707
2025-12-18 19:52:46,395:INFO:[LightGBM] [Info] Auto-choosing col-wise multi-threading, the overhead of testing was 0.001176 seconds.
2025-12-18 19:52:46,396:INFO:You can set `force_col_wise=true` to remove the overhead.
2025-12-18 19:52:46,396:INFO:[LightGBM] [Info] Total Bins 1737
2025-12-18 19:52:46,396:INFO:[LightGBM] [Info] Number of data points in the train set: 4437, number of used features: 35
2025-12-18 19:52:46,396:INFO:[LightGBM] [Info] [binary:BoostFromScore]: pavg=0.389903 -> initscore=-0.447720
2025-12-18 19:52:46,396:INFO:[LightGBM] [Info] Start training from score -0.447720
2025-12-18 19:52:46,523:INFO:[LightGBM] [Warning] Found whitespace in feature_names, replace with underlines
2025-12-18 19:52:46,523:INFO:[LightGBM] [Info] Number of positive: 1722, number of negative: 2715
2025-12-18 19:52:46,525:INFO:[LightGBM] [Info] Auto-choosing col-wise multi-threading, the overhead of testing was 0.001245 seconds.
2025-12-18 19:52:46,525:INFO:You can set `force_col_wise=true` to remove the overhead.
2025-12-18 19:52:46,525:INFO:[LightGBM] [Info] Total Bins 1737
2025-12-18 19:52:46,525:INFO:[LightGBM] [Info] Number of data points in the train set: 4437, number of used features: 35
2025-12-18 19:52:46,526:INFO:[LightGBM] [Info] [binary:BoostFromScore]: pavg=0.388100 -> initscore=-0.455306
2025-12-18 19:52:46,526:INFO:[LightGBM] [Info] Start training from score -0.455306
2025-12-18 19:52:46,659:INFO:[LightGBM] [Warning] Found whitespace in feature_names, replace with underlines
2025-12-18 19:52:46,660:INFO:[LightGBM] [Info] Number of positive: 1723, number of negative: 2714
2025-12-18 19:52:46,661:INFO:[LightGBM] [Info] Auto-choosing col-wise multi-threading, the overhead of testing was 0.001222 seconds.
2025-12-18 19:52:46,661:INFO:You can set `force_col_wise=true` to remove the overhead.
2025-12-18 19:52:46,662:INFO:[LightGBM] [Info] Total Bins 1737
2025-12-18 19:52:46,662:INFO:[LightGBM] [Info] Number of data points in the train set: 4437, number of used features: 35
2025-12-18 19:52:46,662:INFO:[LightGBM] [Info] [binary:BoostFromScore]: pavg=0.388325 -> initscore=-0.454357
2025-12-18 19:52:46,662:INFO:[LightGBM] [Info] Start training from score -0.454357
2025-12-18 19:52:46,794:INFO:[LightGBM] [Warning] Found whitespace in feature_names, replace with underlines
2025-12-18 19:52:46,794:INFO:[LightGBM] [Info] Number of positive: 1706, number of negative: 2731
2025-12-18 19:52:46,796:INFO:[LightGBM] [Info] Auto-choosing col-wise multi-threading, the overhead of testing was 0.001231 seconds.
2025-12-18 19:52:46,796:INFO:You can set `force_col_wise=true` to remove the overhead.
2025-12-18 19:52:46,796:INFO:[LightGBM] [Info] Total Bins 1737
2025-12-18 19:52:46,796:INFO:[LightGBM] [Info] Number of data points in the train set: 4437, number of used features: 35
2025-12-18 19:52:46,796:INFO:[LightGBM] [Info] [binary:BoostFromScore]: pavg=0.384494 -> initscore=-0.470516
2025-12-18 19:52:46,796:INFO:[LightGBM] [Info] Start training from score -0.470516
2025-12-18 19:52:46,931:INFO:[LightGBM] [Warning] Found whitespace in feature_names, replace with underlines
2025-12-18 19:52:46,932:INFO:[LightGBM] [Info] Number of positive: 1726, number of negative: 2711
2025-12-18 19:52:46,933:INFO:[LightGBM] [Info] Auto-choosing col-wise multi-threading, the overhead of testing was 0.001110 seconds.
2025-12-18 19:52:46,933:INFO:You can set `force_col_wise=true` to remove the overhead.
2025-12-18 19:52:46,933:INFO:[LightGBM] [Info] Total Bins 1737
2025-12-18 19:52:46,934:INFO:[LightGBM] [Info] Number of data points in the train set: 4437, number of used features: 35
2025-12-18 19:52:46,934:INFO:[LightGBM] [Info] [binary:BoostFromScore]: pavg=0.389002 -> initscore=-0.451511
2025-12-18 19:52:46,934:INFO:[LightGBM] [Info] Start training from score -0.451511
2025-12-18 19:52:47,063:INFO:[LightGBM] [Warning] Found whitespace in feature_names, replace with underlines
2025-12-18 19:52:47,064:INFO:[LightGBM] [Info] Number of positive: 1710, number of negative: 2727
2025-12-18 19:52:47,065:INFO:[LightGBM] [Info] Auto-choosing col-wise multi-threading, the overhead of testing was 0.001182 seconds.
2025-12-18 19:52:47,065:INFO:You can set `force_col_wise=true` to remove the overhead.
2025-12-18 19:52:47,066:INFO:[LightGBM] [Info] Total Bins 1737
2025-12-18 19:52:47,066:INFO:[LightGBM] [Info] Number of data points in the train set: 4437, number of used features: 35
2025-12-18 19:52:47,066:INFO:[LightGBM] [Info] [binary:BoostFromScore]: pavg=0.385396 -> initscore=-0.466709
2025-12-18 19:52:47,066:INFO:[LightGBM] [Info] Start training from score -0.466709
2025-12-18 19:52:47,194:INFO:[LightGBM] [Warning] Found whitespace in feature_names, replace with underlines
2025-12-18 19:52:47,195:INFO:[LightGBM] [Info] Number of positive: 1727, number of negative: 2710
2025-12-18 19:52:47,197:INFO:[LightGBM] [Info] Auto-choosing col-wise multi-threading, the overhead of testing was 0.001298 seconds.
2025-12-18 19:52:47,197:INFO:You can set `force_col_wise=true` to remove the overhead.
2025-12-18 19:52:47,197:INFO:[LightGBM] [Info] Total Bins 1737
2025-12-18 19:52:47,197:INFO:[LightGBM] [Info] Number of data points in the train set: 4437, number of used features: 35
2025-12-18 19:52:47,197:INFO:[LightGBM] [Info] [binary:BoostFromScore]: pavg=0.389227 -> initscore=-0.450563
2025-12-18 19:52:47,197:INFO:[LightGBM] [Info] Start training from score -0.450563
2025-12-18 19:52:47,329:INFO:[LightGBM] [Warning] Found whitespace in feature_names, replace with underlines
2025-12-18 19:52:47,330:INFO:[LightGBM] [Info] Number of positive: 1724, number of negative: 2713
2025-12-18 19:52:47,331:INFO:[LightGBM] [Info] Auto-choosing col-wise multi-threading, the overhead of testing was 0.001138 seconds.
2025-12-18 19:52:47,331:INFO:You can set `force_col_wise=true` to remove the overhead.
2025-12-18 19:52:47,331:INFO:[LightGBM] [Info] Total Bins 1737
2025-12-18 19:52:47,332:INFO:[LightGBM] [Info] Number of data points in the train set: 4437, number of used features: 35
2025-12-18 19:52:47,332:INFO:[LightGBM] [Info] [binary:BoostFromScore]: pavg=0.388551 -> initscore=-0.453408
2025-12-18 19:52:47,332:INFO:[LightGBM] [Info] Start training from score -0.453408
2025-12-18 19:52:47,461:INFO:[LightGBM] [Warning] Found whitespace in feature_names, replace with underlines
2025-12-18 19:52:47,461:INFO:[LightGBM] [Info] Number of positive: 1738, number of negative: 2699
2025-12-18 19:52:47,463:INFO:[LightGBM] [Info] Auto-choosing col-wise multi-threading, the overhead of testing was 0.001221 seconds.
2025-12-18 19:52:47,463:INFO:You can set `force_col_wise=true` to remove the overhead.
2025-12-18 19:52:47,463:INFO:[LightGBM] [Info] Total Bins 1737
2025-12-18 19:52:47,463:INFO:[LightGBM] [Info] Number of data points in the train set: 4437, number of used features: 35
2025-12-18 19:52:47,463:INFO:[LightGBM] [Info] [binary:BoostFromScore]: pavg=0.391706 -> initscore=-0.440146
2025-12-18 19:52:47,463:INFO:[LightGBM] [Info] Start training from score -0.440146
2025-12-18 19:52:47,592:INFO:[LightGBM] [Warning] Found whitespace in feature_names, replace with underlines
2025-12-18 19:52:47,592:INFO:[LightGBM] [Info] Number of positive: 1732, number of negative: 2705
2025-12-18 19:52:47,594:INFO:[LightGBM] [Info] Auto-choosing col-wise multi-threading, the overhead of testing was 0.001201 seconds.
2025-12-18 19:52:47,594:INFO:You can set `force_col_wise=true` to remove the overhead.
2025-12-18 19:52:47,594:INFO:[LightGBM] [Info] Total Bins 1737
2025-12-18 19:52:47,594:INFO:[LightGBM] [Info] Number of data points in the train set: 4437, number of used features: 35
2025-12-18 19:52:47,594:INFO:[LightGBM] [Info] [binary:BoostFromScore]: pavg=0.390354 -> initscore=-0.445825
2025-12-18 19:52:47,594:INFO:[LightGBM] [Info] Start training from score -0.445825
2025-12-18 19:52:47,739:INFO:[LightGBM] [Warning] Found whitespace in feature_names, replace with underlines
2025-12-18 19:52:47,739:INFO:[LightGBM] [Info] Number of positive: 1736, number of negative: 2701
2025-12-18 19:52:47,741:INFO:[LightGBM] [Info] Auto-choosing col-wise multi-threading, the overhead of testing was 0.001282 seconds.
2025-12-18 19:52:47,741:INFO:You can set `force_col_wise=true` to remove the overhead.
2025-12-18 19:52:47,741:INFO:[LightGBM] [Info] Total Bins 1737
2025-12-18 19:52:47,741:INFO:[LightGBM] [Info] Number of data points in the train set: 4437, number of used features: 35
2025-12-18 19:52:47,742:INFO:[LightGBM] [Info] [binary:BoostFromScore]: pavg=0.391255 -> initscore=-0.442038
2025-12-18 19:52:47,742:INFO:[LightGBM] [Info] Start training from score -0.442038
2025-12-18 19:52:47,908:INFO:[LightGBM] [Warning] Found whitespace in feature_names, replace with underlines
2025-12-18 19:52:47,909:INFO:[LightGBM] [Info] Number of positive: 1729, number of negative: 2708
2025-12-18 19:52:47,911:INFO:[LightGBM] [Info] Auto-choosing col-wise multi-threading, the overhead of testing was 0.001255 seconds.
2025-12-18 19:52:47,911:INFO:You can set `force_col_wise=true` to remove the overhead.
2025-12-18 19:52:47,911:INFO:[LightGBM] [Info] Total Bins 1737
2025-12-18 19:52:47,911:INFO:[LightGBM] [Info] Number of data points in the train set: 4437, number of used features: 35
2025-12-18 19:52:47,911:INFO:[LightGBM] [Info] [binary:BoostFromScore]: pavg=0.389678 -> initscore=-0.448667
2025-12-18 19:52:47,911:INFO:[LightGBM] [Info] Start training from score -0.448667
2025-12-18 19:52:48,050:INFO:[LightGBM] [Warning] Found whitespace in feature_names, replace with underlines
2025-12-18 19:52:48,050:INFO:[LightGBM] [Info] Number of positive: 1725, number of negative: 2712
2025-12-18 19:52:48,052:INFO:[LightGBM] [Info] Auto-choosing col-wise multi-threading, the overhead of testing was 0.001246 seconds.
2025-12-18 19:52:48,052:INFO:You can set `force_col_wise=true` to remove the overhead.
2025-12-18 19:52:48,052:INFO:[LightGBM] [Info] Total Bins 1737
2025-12-18 19:52:48,052:INFO:[LightGBM] [Info] Number of data points in the train set: 4437, number of used features: 35
2025-12-18 19:52:48,052:INFO:[LightGBM] [Info] [binary:BoostFromScore]: pavg=0.388776 -> initscore=-0.452459
2025-12-18 19:52:48,052:INFO:[LightGBM] [Info] Start training from score -0.452459
2025-12-18 19:52:48,187:INFO:[LightGBM] [Warning] Found whitespace in feature_names, replace with underlines
2025-12-18 19:52:48,188:INFO:[LightGBM] [Info] Number of positive: 1725, number of negative: 2712
2025-12-18 19:52:48,189:INFO:[LightGBM] [Info] Auto-choosing col-wise multi-threading, the overhead of testing was 0.001223 seconds.
2025-12-18 19:52:48,190:INFO:You can set `force_col_wise=true` to remove the overhead.
2025-12-18 19:52:48,190:INFO:[LightGBM] [Info] Total Bins 1737
2025-12-18 19:52:48,190:INFO:[LightGBM] [Info] Number of data points in the train set: 4437, number of used features: 35
2025-12-18 19:52:48,190:INFO:[LightGBM] [Info] [binary:BoostFromScore]: pavg=0.388776 -> initscore=-0.452459
2025-12-18 19:52:48,190:INFO:[LightGBM] [Info] Start training from score -0.452459
2025-12-18 19:52:48,328:INFO:[LightGBM] [Warning] Found whitespace in feature_names, replace with underlines
2025-12-18 19:52:48,328:INFO:[LightGBM] [Info] Number of positive: 1711, number of negative: 2726
2025-12-18 19:52:48,330:INFO:[LightGBM] [Info] Auto-choosing col-wise multi-threading, the overhead of testing was 0.001149 seconds.
2025-12-18 19:52:48,330:INFO:You can set `force_col_wise=true` to remove the overhead.
2025-12-18 19:52:48,330:INFO:[LightGBM] [Info] Total Bins 1737
2025-12-18 19:52:48,330:INFO:[LightGBM] [Info] Number of data points in the train set: 4437, number of used features: 35
2025-12-18 19:52:48,330:INFO:[LightGBM] [Info] [binary:BoostFromScore]: pavg=0.385621 -> initscore=-0.465757
2025-12-18 19:52:48,330:INFO:[LightGBM] [Info] Start training from score -0.465757
2025-12-18 19:52:48,684:INFO:Scoring test/hold-out set
2025-12-18 19:52:48,982:INFO:Visual Rendered Successfully
2025-12-18 19:52:49,079:INFO:plot_model() successfully completed......................................
2025-12-18 19:52:49,131:INFO:Initializing plot_model()
2025-12-18 19:52:49,132:INFO:plot_model(self=<pycaret.classification.oop.ClassificationExperiment object at 0x000001F83331FBD0>, estimator=LGBMClassifier(boosting_type='gbdt', class_weight=None, colsample_bytree=1.0,
               importance_type='split', learning_rate=0.1, max_depth=-1,
               min_child_samples=20, min_child_weight=0.001, min_split_gain=0.0,
               n_estimators=100, n_jobs=-1, num_leaves=31, objective=None,
               random_state=123, reg_alpha=0.0, reg_lambda=0.0, subsample=1.0,
               subsample_for_bin=200000, subsample_freq=0), plot=gain, scale=1, save=False, fold=StratifiedKFold(n_splits=10, random_state=None, shuffle=False), fit_kwargs={}, plot_kwargs=None, groups=None, feature_name=None, label=False, verbose=False, system=True, display=None, display_format=None)
2025-12-18 19:52:49,132:INFO:Checking exceptions
2025-12-18 19:52:49,137:INFO:Preloading libraries
2025-12-18 19:52:49,143:INFO:Copying training dataset
2025-12-18 19:52:49,143:INFO:Plot type: gain
2025-12-18 19:52:49,143:INFO:Generating predictions / predict_proba on X_test
2025-12-18 19:52:49,399:INFO:Visual Rendered Successfully
2025-12-18 19:52:49,519:INFO:plot_model() successfully completed......................................
2025-12-18 19:52:50,898:INFO:Initializing plot_model()
2025-12-18 19:52:50,898:INFO:plot_model(self=<pycaret.classification.oop.ClassificationExperiment object at 0x000001F83331FBD0>, estimator=LGBMClassifier(boosting_type='gbdt', class_weight=None, colsample_bytree=1.0,
               importance_type='split', learning_rate=0.1, max_depth=-1,
               min_child_samples=20, min_child_weight=0.001, min_split_gain=0.0,
               n_estimators=100, n_jobs=-1, num_leaves=31, objective=None,
               random_state=123, reg_alpha=0.0, reg_lambda=0.0, subsample=1.0,
               subsample_for_bin=200000, subsample_freq=0), plot=calibration, scale=1, save=False, fold=StratifiedKFold(n_splits=10, random_state=None, shuffle=False), fit_kwargs={}, plot_kwargs=None, groups=None, feature_name=None, label=False, verbose=False, system=True, display=None, display_format=None)
2025-12-18 19:52:50,899:INFO:Checking exceptions
2025-12-18 19:52:50,904:INFO:Preloading libraries
2025-12-18 19:52:50,909:INFO:Copying training dataset
2025-12-18 19:52:50,909:INFO:Plot type: calibration
2025-12-18 19:52:50,918:INFO:Scoring test/hold-out set
2025-12-18 19:52:51,153:INFO:Visual Rendered Successfully
2025-12-18 19:52:51,258:INFO:plot_model() successfully completed......................................
2025-12-18 19:52:51,931:INFO:Initializing plot_model()
2025-12-18 19:52:51,931:INFO:plot_model(self=<pycaret.classification.oop.ClassificationExperiment object at 0x000001F83331FBD0>, estimator=LGBMClassifier(boosting_type='gbdt', class_weight=None, colsample_bytree=1.0,
               importance_type='split', learning_rate=0.1, max_depth=-1,
               min_child_samples=20, min_child_weight=0.001, min_split_gain=0.0,
               n_estimators=100, n_jobs=-1, num_leaves=31, objective=None,
               random_state=123, reg_alpha=0.0, reg_lambda=0.0, subsample=1.0,
               subsample_for_bin=200000, subsample_freq=0), plot=manifold, scale=1, save=False, fold=StratifiedKFold(n_splits=10, random_state=None, shuffle=False), fit_kwargs={}, plot_kwargs=None, groups=None, feature_name=None, label=False, verbose=False, system=True, display=None, display_format=None)
2025-12-18 19:52:51,931:INFO:Checking exceptions
2025-12-18 19:52:51,937:INFO:Preloading libraries
2025-12-18 19:52:51,942:INFO:Copying training dataset
2025-12-18 19:52:51,942:INFO:Plot type: manifold
2025-12-18 19:52:52,176:INFO:Fitting & Transforming Model
2025-12-18 19:53:07,038:INFO:Visual Rendered Successfully
2025-12-18 19:53:07,132:INFO:plot_model() successfully completed......................................
2025-12-18 19:53:07,140:INFO:Initializing predict_model()
2025-12-18 19:53:07,140:INFO:predict_model(self=<pycaret.classification.oop.ClassificationExperiment object at 0x000001F83331FBD0>, estimator=LGBMClassifier(boosting_type='gbdt', class_weight=None, colsample_bytree=1.0,
               importance_type='split', learning_rate=0.1, max_depth=-1,
               min_child_samples=20, min_child_weight=0.001, min_split_gain=0.0,
               n_estimators=100, n_jobs=-1, num_leaves=31, objective=None,
               random_state=123, reg_alpha=0.0, reg_lambda=0.0, subsample=1.0,
               subsample_for_bin=200000, subsample_freq=0), probability_threshold=None, encoded_labels=False, raw_score=False, round=4, verbose=True, ml_usecase=None, preprocess=True, encode_labels=<function _SupervisedExperiment.predict_model.<locals>.encode_labels at 0x000001F837516980>)
2025-12-18 19:53:07,140:INFO:Checking exceptions
2025-12-18 19:53:07,140:INFO:Preloading libraries
2025-12-18 19:53:07,411:INFO:Initializing plot_model()
2025-12-18 19:53:07,411:INFO:plot_model(self=<pycaret.classification.oop.ClassificationExperiment object at 0x000001F83331FBD0>, estimator=LGBMClassifier(boosting_type='gbdt', class_weight=None, colsample_bytree=1.0,
               importance_type='split', learning_rate=0.1, max_depth=-1,
               min_child_samples=20, min_child_weight=0.001, min_split_gain=0.0,
               n_estimators=100, n_jobs=-1, num_leaves=31, objective=None,
               random_state=123, reg_alpha=0.0, reg_lambda=0.0, subsample=1.0,
               subsample_for_bin=200000, subsample_freq=0), plot=learning, scale=1, save=False, fold=StratifiedKFold(n_splits=10, random_state=None, shuffle=False), fit_kwargs={}, plot_kwargs=None, groups=None, feature_name=None, label=False, verbose=False, system=True, display=None, display_format=None)
2025-12-18 19:53:07,411:INFO:Checking exceptions
2025-12-18 19:53:07,417:INFO:Preloading libraries
2025-12-18 19:53:07,424:INFO:Copying training dataset
2025-12-18 19:53:07,424:INFO:Plot type: learning
2025-12-18 19:53:07,632:INFO:Fitting Model
2025-12-18 19:53:15,758:INFO:Visual Rendered Successfully
2025-12-18 19:53:15,861:INFO:plot_model() successfully completed......................................
2025-12-24 16:20:09,683:WARNING:
'cuml' is a soft dependency and not included in the pycaret installation. Please run: `pip install cuml` to install.
2025-12-24 16:20:09,696:WARNING:
'cuml' is a soft dependency and not included in the pycaret installation. Please run: `pip install cuml` to install.
2025-12-24 16:20:09,696:WARNING:
'cuml' is a soft dependency and not included in the pycaret installation. Please run: `pip install cuml` to install.
2025-12-24 16:20:09,696:WARNING:
'cuml' is a soft dependency and not included in the pycaret installation. Please run: `pip install cuml` to install.
2025-12-24 16:20:09,892:INFO:PyCaret ClassificationExperiment
2025-12-24 16:20:09,892:INFO:Logging name: clf-default-name
2025-12-24 16:20:09,892:INFO:ML Usecase: MLUsecase.CLASSIFICATION
2025-12-24 16:20:09,892:INFO:version 3.3.2
2025-12-24 16:20:09,892:INFO:Initializing setup()
2025-12-24 16:20:09,893:INFO:self.USI: 3159
2025-12-24 16:20:09,893:INFO:self._variable_keys: {'target_param', 'idx', 'pipeline', 'is_multiclass', 'X_test', 'seed', 'exp_name_log', 'y_test', 'html_param', 'logging_param', 'fold_shuffle_param', 'gpu_n_jobs_param', 'fix_imbalance', 'X_train', 'fold_generator', 'X', 'USI', 'exp_id', '_available_plots', 'log_plots_param', 'y', 'data', 'y_train', 'fold_groups_param', '_ml_usecase', 'n_jobs_param', 'memory', 'gpu_param'}
2025-12-24 16:20:09,893:INFO:Checking environment
2025-12-24 16:20:09,893:INFO:python_version: 3.11.9
2025-12-24 16:20:09,893:INFO:python_build: ('tags/v3.11.9:de54cf5', 'Apr  2 2024 10:12:12')
2025-12-24 16:20:09,893:INFO:machine: AMD64
2025-12-24 16:20:09,893:INFO:platform: Windows-10-10.0.19045-SP0
2025-12-24 16:20:09,896:INFO:Memory: svmem(total=17101795328, available=9773498368, percent=42.9, used=7328296960, free=9773498368)
2025-12-24 16:20:09,896:INFO:Physical Core: 6
2025-12-24 16:20:09,896:INFO:Logical Core: 12
2025-12-24 16:20:09,896:INFO:Checking libraries
2025-12-24 16:20:09,896:INFO:System:
2025-12-24 16:20:09,896:INFO:    python: 3.11.9 (tags/v3.11.9:de54cf5, Apr  2 2024, 10:12:12) [MSC v.1938 64 bit (AMD64)]
2025-12-24 16:20:09,896:INFO:executable: c:\Users\Cristina\AppData\Local\Programs\Python\Python311\python.exe
2025-12-24 16:20:09,896:INFO:   machine: Windows-10-10.0.19045-SP0
2025-12-24 16:20:09,896:INFO:PyCaret required dependencies:
2025-12-24 16:20:09,977:INFO:                 pip: 24.0
2025-12-24 16:20:09,978:INFO:          setuptools: 65.5.0
2025-12-24 16:20:09,978:INFO:             pycaret: 3.3.2
2025-12-24 16:20:09,978:INFO:             IPython: 9.8.0
2025-12-24 16:20:09,978:INFO:          ipywidgets: 8.1.8
2025-12-24 16:20:09,978:INFO:                tqdm: 4.67.1
2025-12-24 16:20:09,978:INFO:               numpy: 1.26.4
2025-12-24 16:20:09,978:INFO:              pandas: 2.1.4
2025-12-24 16:20:09,978:INFO:              jinja2: 3.1.6
2025-12-24 16:20:09,978:INFO:               scipy: 1.11.4
2025-12-24 16:20:09,978:INFO:              joblib: 1.3.2
2025-12-24 16:20:09,978:INFO:             sklearn: 1.4.2
2025-12-24 16:20:09,978:INFO:                pyod: 2.0.6
2025-12-24 16:20:09,978:INFO:            imblearn: 0.12.4
2025-12-24 16:20:09,978:INFO:   category_encoders: 2.7.0
2025-12-24 16:20:09,978:INFO:            lightgbm: 4.6.0
2025-12-24 16:20:09,978:INFO:               numba: 0.63.1
2025-12-24 16:20:09,978:INFO:            requests: 2.32.5
2025-12-24 16:20:09,978:INFO:          matplotlib: 3.10.8
2025-12-24 16:20:09,978:INFO:          scikitplot: 0.3.7
2025-12-24 16:20:09,978:INFO:         yellowbrick: 1.5
2025-12-24 16:20:09,978:INFO:              plotly: 6.5.0
2025-12-24 16:20:09,979:INFO:    plotly-resampler: Not installed
2025-12-24 16:20:09,979:INFO:             kaleido: 1.2.0
2025-12-24 16:20:09,979:INFO:           schemdraw: 0.15
2025-12-24 16:20:09,979:INFO:         statsmodels: 0.14.6
2025-12-24 16:20:09,979:INFO:              sktime: 0.26.0
2025-12-24 16:20:09,979:INFO:               tbats: 1.1.3
2025-12-24 16:20:09,979:INFO:            pmdarima: 2.0.4
2025-12-24 16:20:09,979:INFO:              psutil: 7.1.3
2025-12-24 16:20:09,979:INFO:          markupsafe: 3.0.3
2025-12-24 16:20:09,979:INFO:             pickle5: Not installed
2025-12-24 16:20:09,979:INFO:         cloudpickle: 3.1.2
2025-12-24 16:20:09,979:INFO:         deprecation: 2.1.0
2025-12-24 16:20:09,979:INFO:              xxhash: 3.6.0
2025-12-24 16:20:09,979:INFO:           wurlitzer: Not installed
2025-12-24 16:20:09,979:INFO:PyCaret optional dependencies:
2025-12-24 16:20:09,995:INFO:                shap: Not installed
2025-12-24 16:20:09,995:INFO:           interpret: Not installed
2025-12-24 16:20:09,995:INFO:                umap: Not installed
2025-12-24 16:20:09,995:INFO:     ydata_profiling: Not installed
2025-12-24 16:20:09,995:INFO:  explainerdashboard: Not installed
2025-12-24 16:20:09,995:INFO:             autoviz: Not installed
2025-12-24 16:20:09,995:INFO:           fairlearn: Not installed
2025-12-24 16:20:09,995:INFO:          deepchecks: Not installed
2025-12-24 16:20:09,995:INFO:             xgboost: Not installed
2025-12-24 16:20:09,995:INFO:            catboost: Not installed
2025-12-24 16:20:09,995:INFO:              kmodes: Not installed
2025-12-24 16:20:09,995:INFO:             mlxtend: Not installed
2025-12-24 16:20:09,995:INFO:       statsforecast: Not installed
2025-12-24 16:20:09,995:INFO:        tune_sklearn: Not installed
2025-12-24 16:20:09,995:INFO:                 ray: Not installed
2025-12-24 16:20:09,995:INFO:            hyperopt: Not installed
2025-12-24 16:20:09,995:INFO:              optuna: Not installed
2025-12-24 16:20:09,995:INFO:               skopt: Not installed
2025-12-24 16:20:09,995:INFO:              mlflow: Not installed
2025-12-24 16:20:09,996:INFO:              gradio: Not installed
2025-12-24 16:20:09,996:INFO:             fastapi: Not installed
2025-12-24 16:20:09,996:INFO:             uvicorn: Not installed
2025-12-24 16:20:09,996:INFO:              m2cgen: Not installed
2025-12-24 16:20:09,996:INFO:           evidently: Not installed
2025-12-24 16:20:09,996:INFO:               fugue: Not installed
2025-12-24 16:20:09,996:INFO:           streamlit: Not installed
2025-12-24 16:20:09,996:INFO:             prophet: Not installed
2025-12-24 16:20:09,996:INFO:None
2025-12-24 16:20:09,996:INFO:Set up data.
2025-12-24 16:20:10,007:INFO:Set up folding strategy.
2025-12-24 16:20:10,007:INFO:Set up train/test split.
2025-12-24 16:20:10,020:INFO:Set up index.
2025-12-24 16:20:10,022:INFO:Assigning column types.
2025-12-24 16:20:10,031:INFO:Engine successfully changes for model 'lr' to 'sklearn'.
2025-12-24 16:20:10,086:INFO:Engine for model 'knn' has not been set explicitly, hence returning None.
2025-12-24 16:20:10,087:INFO:Engine for model 'rbfsvm' has not been set explicitly, hence returning None.
2025-12-24 16:20:10,129:WARNING:
'xgboost' is a soft dependency and not included in the pycaret installation. Please run: `pip install xgboost` to install.
Alternately, you can install this by running `pip install pycaret[models]`
2025-12-24 16:20:10,129:WARNING:
'catboost' is a soft dependency and not included in the pycaret installation. Please run: `pip install catboost` to install.
Alternately, you can install this by running `pip install pycaret[models]`
2025-12-24 16:20:10,185:INFO:Engine for model 'knn' has not been set explicitly, hence returning None.
2025-12-24 16:20:10,187:INFO:Engine for model 'rbfsvm' has not been set explicitly, hence returning None.
2025-12-24 16:20:10,222:WARNING:
'xgboost' is a soft dependency and not included in the pycaret installation. Please run: `pip install xgboost` to install.
Alternately, you can install this by running `pip install pycaret[models]`
2025-12-24 16:20:10,222:WARNING:
'catboost' is a soft dependency and not included in the pycaret installation. Please run: `pip install catboost` to install.
Alternately, you can install this by running `pip install pycaret[models]`
2025-12-24 16:20:10,223:INFO:Engine successfully changes for model 'knn' to 'sklearn'.
2025-12-24 16:20:10,279:INFO:Engine for model 'rbfsvm' has not been set explicitly, hence returning None.
2025-12-24 16:20:10,313:WARNING:
'xgboost' is a soft dependency and not included in the pycaret installation. Please run: `pip install xgboost` to install.
Alternately, you can install this by running `pip install pycaret[models]`
2025-12-24 16:20:10,314:WARNING:
'catboost' is a soft dependency and not included in the pycaret installation. Please run: `pip install catboost` to install.
Alternately, you can install this by running `pip install pycaret[models]`
2025-12-24 16:20:10,371:INFO:Engine for model 'rbfsvm' has not been set explicitly, hence returning None.
2025-12-24 16:20:10,405:WARNING:
'xgboost' is a soft dependency and not included in the pycaret installation. Please run: `pip install xgboost` to install.
Alternately, you can install this by running `pip install pycaret[models]`
2025-12-24 16:20:10,405:WARNING:
'catboost' is a soft dependency and not included in the pycaret installation. Please run: `pip install catboost` to install.
Alternately, you can install this by running `pip install pycaret[models]`
2025-12-24 16:20:10,405:INFO:Engine successfully changes for model 'rbfsvm' to 'sklearn'.
2025-12-24 16:20:10,494:WARNING:
'xgboost' is a soft dependency and not included in the pycaret installation. Please run: `pip install xgboost` to install.
Alternately, you can install this by running `pip install pycaret[models]`
2025-12-24 16:20:10,494:WARNING:
'catboost' is a soft dependency and not included in the pycaret installation. Please run: `pip install catboost` to install.
Alternately, you can install this by running `pip install pycaret[models]`
2025-12-24 16:20:10,584:WARNING:
'xgboost' is a soft dependency and not included in the pycaret installation. Please run: `pip install xgboost` to install.
Alternately, you can install this by running `pip install pycaret[models]`
2025-12-24 16:20:10,584:WARNING:
'catboost' is a soft dependency and not included in the pycaret installation. Please run: `pip install catboost` to install.
Alternately, you can install this by running `pip install pycaret[models]`
2025-12-24 16:20:10,586:INFO:Preparing preprocessing pipeline...
2025-12-24 16:20:10,589:INFO:Set up simple imputation.
2025-12-24 16:20:10,589:INFO:Set up feature normalization.
2025-12-24 16:20:10,592:INFO:Set up column name cleaning.
2025-12-24 16:20:10,668:INFO:Finished creating preprocessing pipeline.
2025-12-24 16:20:10,676:INFO:Pipeline: Pipeline(memory=FastMemory(location=C:\Users\Cristina\AppData\Local\Temp\joblib),
         steps=[('numerical_imputer',
                 TransformerWrapper(exclude=None,
                                    include=['Avg Monthly GB Download',
                                             'Avg Monthly Long Distance '
                                             'Charges',
                                             'Churn', 'CLTV', 'Dependents',
                                             'Device Protection Plan',
                                             'Internet Service',
                                             'Monthly Charge', 'Multiple Lines',
                                             'Online Backup', 'Online Security',
                                             'Paperless...
                                                              fill_value=None,
                                                              keep_empty_features=False,
                                                              missing_values=nan,
                                                              strategy='most_frequent'))),
                ('normalize',
                 TransformerWrapper(exclude=None, include=None,
                                    transformer=StandardScaler(copy=True,
                                                               with_mean=True,
                                                               with_std=True))),
                ('clean_column_names',
                 TransformerWrapper(exclude=None, include=None,
                                    transformer=CleanColumnNames(match='[\\]\\[\\,\\{\\}\\"\\:]+')))],
         verbose=False)
2025-12-24 16:20:10,676:INFO:Creating final display dataframe.
2025-12-24 16:20:10,860:INFO:Setup _display_container:                     Description             Value
0                    Session id               123
1                        Target  Streaming Movies
2                   Target type            Binary
3           Original data shape        (7043, 37)
4        Transformed data shape        (7043, 37)
5   Transformed train set shape        (4930, 37)
6    Transformed test set shape        (2113, 37)
7              Numeric features                36
8                    Preprocess              True
9               Imputation type            simple
10           Numeric imputation              mean
11       Categorical imputation              mode
12                    Normalize              True
13             Normalize method            zscore
14               Fold Generator   StratifiedKFold
15                  Fold Number                10
16                     CPU Jobs                -1
17                      Use GPU             False
18               Log Experiment             False
19              Experiment Name  clf-default-name
20                          USI              3159
2025-12-24 16:20:10,962:WARNING:
'xgboost' is a soft dependency and not included in the pycaret installation. Please run: `pip install xgboost` to install.
Alternately, you can install this by running `pip install pycaret[models]`
2025-12-24 16:20:10,962:WARNING:
'catboost' is a soft dependency and not included in the pycaret installation. Please run: `pip install catboost` to install.
Alternately, you can install this by running `pip install pycaret[models]`
2025-12-24 16:20:11,052:WARNING:
'xgboost' is a soft dependency and not included in the pycaret installation. Please run: `pip install xgboost` to install.
Alternately, you can install this by running `pip install pycaret[models]`
2025-12-24 16:20:11,052:WARNING:
'catboost' is a soft dependency and not included in the pycaret installation. Please run: `pip install catboost` to install.
Alternately, you can install this by running `pip install pycaret[models]`
2025-12-24 16:20:11,053:INFO:setup() successfully completed in 1.16s...............
2025-12-24 16:20:11,062:INFO:Initializing compare_models()
2025-12-24 16:20:11,062:INFO:compare_models(self=<pycaret.classification.oop.ClassificationExperiment object at 0x000001D96DB28310>, include=None, exclude=None, fold=5, round=4, cross_validation=True, sort=Accuracy, n_select=1, budget_time=None, turbo=True, errors=ignore, fit_kwargs=None, groups=None, experiment_custom_tags=None, probability_threshold=None, verbose=True, parallel=None, caller_params={'self': <pycaret.classification.oop.ClassificationExperiment object at 0x000001D96DB28310>, 'include': None, 'exclude': None, 'fold': 5, 'round': 4, 'cross_validation': True, 'sort': 'Accuracy', 'n_select': 1, 'budget_time': None, 'turbo': True, 'errors': 'ignore', 'fit_kwargs': None, 'groups': None, 'experiment_custom_tags': None, 'probability_threshold': None, 'engine': None, 'verbose': True, 'parallel': None, '__class__': <class 'pycaret.classification.oop.ClassificationExperiment'>})
2025-12-24 16:20:11,062:INFO:Checking exceptions
2025-12-24 16:20:11,074:INFO:Preparing display monitor
2025-12-24 16:20:11,093:INFO:Initializing Logistic Regression
2025-12-24 16:20:11,093:INFO:Total runtime is 0.0 minutes
2025-12-24 16:20:11,096:INFO:SubProcess create_model() called ==================================
2025-12-24 16:20:11,096:INFO:Initializing create_model()
2025-12-24 16:20:11,097:INFO:create_model(self=<pycaret.classification.oop.ClassificationExperiment object at 0x000001D96DB28310>, estimator=lr, fold=StratifiedKFold(n_splits=5, random_state=None, shuffle=False), round=4, cross_validation=True, predict=True, fit_kwargs={}, groups=None, refit=False, probability_threshold=None, experiment_custom_tags=None, verbose=False, system=False, add_to_model_list=True, metrics=None, display=<pycaret.internal.display.display.CommonDisplay object at 0x000001D96EA0B090>, model_only=True, return_train_score=False, error_score=0.0, kwargs={})
2025-12-24 16:20:11,097:INFO:Checking exceptions
2025-12-24 16:20:11,097:INFO:Importing libraries
2025-12-24 16:20:11,097:INFO:Copying training dataset
2025-12-24 16:20:11,111:INFO:Defining folds
2025-12-24 16:20:11,111:INFO:Declaring metric variables
2025-12-24 16:20:11,114:INFO:Importing untrained model
2025-12-24 16:20:11,117:INFO:Logistic Regression Imported successfully
2025-12-24 16:20:11,122:INFO:Starting cross validation
2025-12-24 16:20:11,123:INFO:Cross validating with StratifiedKFold(n_splits=5, random_state=None, shuffle=False), n_jobs=-1
2025-12-24 16:20:14,521:INFO:Calculating mean and std
2025-12-24 16:20:14,524:INFO:Creating metrics dataframe
2025-12-24 16:20:14,526:INFO:Uploading results into container
2025-12-24 16:20:14,527:INFO:Uploading model into container now
2025-12-24 16:20:14,527:INFO:_master_model_container: 1
2025-12-24 16:20:14,528:INFO:_display_container: 2
2025-12-24 16:20:14,528:INFO:LogisticRegression(C=1.0, class_weight=None, dual=False, fit_intercept=True,
                   intercept_scaling=1, l1_ratio=None, max_iter=1000,
                   multi_class='auto', n_jobs=None, penalty='l2',
                   random_state=123, solver='lbfgs', tol=0.0001, verbose=0,
                   warm_start=False)
2025-12-24 16:20:14,529:INFO:create_model() successfully completed......................................
2025-12-24 16:20:14,673:INFO:SubProcess create_model() end ==================================
2025-12-24 16:20:14,674:INFO:Creating metrics dataframe
2025-12-24 16:20:14,681:INFO:Initializing K Neighbors Classifier
2025-12-24 16:20:14,681:INFO:Total runtime is 0.05979504982630412 minutes
2025-12-24 16:20:14,685:INFO:SubProcess create_model() called ==================================
2025-12-24 16:20:14,686:INFO:Initializing create_model()
2025-12-24 16:20:14,686:INFO:create_model(self=<pycaret.classification.oop.ClassificationExperiment object at 0x000001D96DB28310>, estimator=knn, fold=StratifiedKFold(n_splits=5, random_state=None, shuffle=False), round=4, cross_validation=True, predict=True, fit_kwargs={}, groups=None, refit=False, probability_threshold=None, experiment_custom_tags=None, verbose=False, system=False, add_to_model_list=True, metrics=None, display=<pycaret.internal.display.display.CommonDisplay object at 0x000001D96EA0B090>, model_only=True, return_train_score=False, error_score=0.0, kwargs={})
2025-12-24 16:20:14,686:INFO:Checking exceptions
2025-12-24 16:20:14,686:INFO:Importing libraries
2025-12-24 16:20:14,686:INFO:Copying training dataset
2025-12-24 16:20:14,699:INFO:Defining folds
2025-12-24 16:20:14,699:INFO:Declaring metric variables
2025-12-24 16:20:14,702:INFO:Importing untrained model
2025-12-24 16:20:14,705:INFO:K Neighbors Classifier Imported successfully
2025-12-24 16:20:14,710:INFO:Starting cross validation
2025-12-24 16:20:14,711:INFO:Cross validating with StratifiedKFold(n_splits=5, random_state=None, shuffle=False), n_jobs=-1
2025-12-24 16:20:17,558:INFO:Calculating mean and std
2025-12-24 16:20:17,560:INFO:Creating metrics dataframe
2025-12-24 16:20:17,563:INFO:Uploading results into container
2025-12-24 16:20:17,564:INFO:Uploading model into container now
2025-12-24 16:20:17,565:INFO:_master_model_container: 2
2025-12-24 16:20:17,565:INFO:_display_container: 2
2025-12-24 16:20:17,565:INFO:KNeighborsClassifier(algorithm='auto', leaf_size=30, metric='minkowski',
                     metric_params=None, n_jobs=-1, n_neighbors=5, p=2,
                     weights='uniform')
2025-12-24 16:20:17,565:INFO:create_model() successfully completed......................................
2025-12-24 16:20:17,715:INFO:SubProcess create_model() end ==================================
2025-12-24 16:20:17,715:INFO:Creating metrics dataframe
2025-12-24 16:20:17,722:INFO:Initializing Naive Bayes
2025-12-24 16:20:17,722:INFO:Total runtime is 0.11047782103220621 minutes
2025-12-24 16:20:17,724:INFO:SubProcess create_model() called ==================================
2025-12-24 16:20:17,725:INFO:Initializing create_model()
2025-12-24 16:20:17,725:INFO:create_model(self=<pycaret.classification.oop.ClassificationExperiment object at 0x000001D96DB28310>, estimator=nb, fold=StratifiedKFold(n_splits=5, random_state=None, shuffle=False), round=4, cross_validation=True, predict=True, fit_kwargs={}, groups=None, refit=False, probability_threshold=None, experiment_custom_tags=None, verbose=False, system=False, add_to_model_list=True, metrics=None, display=<pycaret.internal.display.display.CommonDisplay object at 0x000001D96EA0B090>, model_only=True, return_train_score=False, error_score=0.0, kwargs={})
2025-12-24 16:20:17,725:INFO:Checking exceptions
2025-12-24 16:20:17,725:INFO:Importing libraries
2025-12-24 16:20:17,725:INFO:Copying training dataset
2025-12-24 16:20:17,741:INFO:Defining folds
2025-12-24 16:20:17,741:INFO:Declaring metric variables
2025-12-24 16:20:17,744:INFO:Importing untrained model
2025-12-24 16:20:17,747:INFO:Naive Bayes Imported successfully
2025-12-24 16:20:17,753:INFO:Starting cross validation
2025-12-24 16:20:17,755:INFO:Cross validating with StratifiedKFold(n_splits=5, random_state=None, shuffle=False), n_jobs=-1
2025-12-24 16:20:20,006:INFO:Calculating mean and std
2025-12-24 16:20:20,007:INFO:Creating metrics dataframe
2025-12-24 16:20:20,010:INFO:Uploading results into container
2025-12-24 16:20:20,010:INFO:Uploading model into container now
2025-12-24 16:20:20,010:INFO:_master_model_container: 3
2025-12-24 16:20:20,011:INFO:_display_container: 2
2025-12-24 16:20:20,011:INFO:GaussianNB(priors=None, var_smoothing=1e-09)
2025-12-24 16:20:20,011:INFO:create_model() successfully completed......................................
2025-12-24 16:20:20,115:INFO:SubProcess create_model() end ==================================
2025-12-24 16:20:20,116:INFO:Creating metrics dataframe
2025-12-24 16:20:20,123:INFO:Initializing Decision Tree Classifier
2025-12-24 16:20:20,123:INFO:Total runtime is 0.15049872795740762 minutes
2025-12-24 16:20:20,127:INFO:SubProcess create_model() called ==================================
2025-12-24 16:20:20,128:INFO:Initializing create_model()
2025-12-24 16:20:20,128:INFO:create_model(self=<pycaret.classification.oop.ClassificationExperiment object at 0x000001D96DB28310>, estimator=dt, fold=StratifiedKFold(n_splits=5, random_state=None, shuffle=False), round=4, cross_validation=True, predict=True, fit_kwargs={}, groups=None, refit=False, probability_threshold=None, experiment_custom_tags=None, verbose=False, system=False, add_to_model_list=True, metrics=None, display=<pycaret.internal.display.display.CommonDisplay object at 0x000001D96EA0B090>, model_only=True, return_train_score=False, error_score=0.0, kwargs={})
2025-12-24 16:20:20,128:INFO:Checking exceptions
2025-12-24 16:20:20,128:INFO:Importing libraries
2025-12-24 16:20:20,128:INFO:Copying training dataset
2025-12-24 16:20:20,153:INFO:Defining folds
2025-12-24 16:20:20,153:INFO:Declaring metric variables
2025-12-24 16:20:20,157:INFO:Importing untrained model
2025-12-24 16:20:20,161:INFO:Decision Tree Classifier Imported successfully
2025-12-24 16:20:20,169:INFO:Starting cross validation
2025-12-24 16:20:20,170:INFO:Cross validating with StratifiedKFold(n_splits=5, random_state=None, shuffle=False), n_jobs=-1
2025-12-24 16:20:20,278:INFO:Calculating mean and std
2025-12-24 16:20:20,279:INFO:Creating metrics dataframe
2025-12-24 16:20:20,281:INFO:Uploading results into container
2025-12-24 16:20:20,281:INFO:Uploading model into container now
2025-12-24 16:20:20,282:INFO:_master_model_container: 4
2025-12-24 16:20:20,282:INFO:_display_container: 2
2025-12-24 16:20:20,282:INFO:DecisionTreeClassifier(ccp_alpha=0.0, class_weight=None, criterion='gini',
                       max_depth=None, max_features=None, max_leaf_nodes=None,
                       min_impurity_decrease=0.0, min_samples_leaf=1,
                       min_samples_split=2, min_weight_fraction_leaf=0.0,
                       monotonic_cst=None, random_state=123, splitter='best')
2025-12-24 16:20:20,282:INFO:create_model() successfully completed......................................
2025-12-24 16:20:20,381:INFO:SubProcess create_model() end ==================================
2025-12-24 16:20:20,381:INFO:Creating metrics dataframe
2025-12-24 16:20:20,388:INFO:Initializing SVM - Linear Kernel
2025-12-24 16:20:20,388:INFO:Total runtime is 0.15491941769917805 minutes
2025-12-24 16:20:20,391:INFO:SubProcess create_model() called ==================================
2025-12-24 16:20:20,391:INFO:Initializing create_model()
2025-12-24 16:20:20,391:INFO:create_model(self=<pycaret.classification.oop.ClassificationExperiment object at 0x000001D96DB28310>, estimator=svm, fold=StratifiedKFold(n_splits=5, random_state=None, shuffle=False), round=4, cross_validation=True, predict=True, fit_kwargs={}, groups=None, refit=False, probability_threshold=None, experiment_custom_tags=None, verbose=False, system=False, add_to_model_list=True, metrics=None, display=<pycaret.internal.display.display.CommonDisplay object at 0x000001D96EA0B090>, model_only=True, return_train_score=False, error_score=0.0, kwargs={})
2025-12-24 16:20:20,391:INFO:Checking exceptions
2025-12-24 16:20:20,392:INFO:Importing libraries
2025-12-24 16:20:20,392:INFO:Copying training dataset
2025-12-24 16:20:20,406:INFO:Defining folds
2025-12-24 16:20:20,406:INFO:Declaring metric variables
2025-12-24 16:20:20,409:INFO:Importing untrained model
2025-12-24 16:20:20,412:INFO:SVM - Linear Kernel Imported successfully
2025-12-24 16:20:20,418:INFO:Starting cross validation
2025-12-24 16:20:20,419:INFO:Cross validating with StratifiedKFold(n_splits=5, random_state=None, shuffle=False), n_jobs=-1
2025-12-24 16:20:20,526:INFO:Calculating mean and std
2025-12-24 16:20:20,527:INFO:Creating metrics dataframe
2025-12-24 16:20:20,528:INFO:Uploading results into container
2025-12-24 16:20:20,529:INFO:Uploading model into container now
2025-12-24 16:20:20,529:INFO:_master_model_container: 5
2025-12-24 16:20:20,529:INFO:_display_container: 2
2025-12-24 16:20:20,530:INFO:SGDClassifier(alpha=0.0001, average=False, class_weight=None,
              early_stopping=False, epsilon=0.1, eta0=0.001, fit_intercept=True,
              l1_ratio=0.15, learning_rate='optimal', loss='hinge',
              max_iter=1000, n_iter_no_change=5, n_jobs=-1, penalty='l2',
              power_t=0.5, random_state=123, shuffle=True, tol=0.001,
              validation_fraction=0.1, verbose=0, warm_start=False)
2025-12-24 16:20:20,530:INFO:create_model() successfully completed......................................
2025-12-24 16:20:20,626:INFO:SubProcess create_model() end ==================================
2025-12-24 16:20:20,626:INFO:Creating metrics dataframe
2025-12-24 16:20:20,633:INFO:Initializing Ridge Classifier
2025-12-24 16:20:20,633:INFO:Total runtime is 0.1589982271194458 minutes
2025-12-24 16:20:20,636:INFO:SubProcess create_model() called ==================================
2025-12-24 16:20:20,636:INFO:Initializing create_model()
2025-12-24 16:20:20,636:INFO:create_model(self=<pycaret.classification.oop.ClassificationExperiment object at 0x000001D96DB28310>, estimator=ridge, fold=StratifiedKFold(n_splits=5, random_state=None, shuffle=False), round=4, cross_validation=True, predict=True, fit_kwargs={}, groups=None, refit=False, probability_threshold=None, experiment_custom_tags=None, verbose=False, system=False, add_to_model_list=True, metrics=None, display=<pycaret.internal.display.display.CommonDisplay object at 0x000001D96EA0B090>, model_only=True, return_train_score=False, error_score=0.0, kwargs={})
2025-12-24 16:20:20,636:INFO:Checking exceptions
2025-12-24 16:20:20,636:INFO:Importing libraries
2025-12-24 16:20:20,636:INFO:Copying training dataset
2025-12-24 16:20:20,649:INFO:Defining folds
2025-12-24 16:20:20,649:INFO:Declaring metric variables
2025-12-24 16:20:20,652:INFO:Importing untrained model
2025-12-24 16:20:20,655:INFO:Ridge Classifier Imported successfully
2025-12-24 16:20:20,660:INFO:Starting cross validation
2025-12-24 16:20:20,661:INFO:Cross validating with StratifiedKFold(n_splits=5, random_state=None, shuffle=False), n_jobs=-1
2025-12-24 16:20:20,744:INFO:Calculating mean and std
2025-12-24 16:20:20,744:INFO:Creating metrics dataframe
2025-12-24 16:20:20,746:INFO:Uploading results into container
2025-12-24 16:20:20,746:INFO:Uploading model into container now
2025-12-24 16:20:20,747:INFO:_master_model_container: 6
2025-12-24 16:20:20,747:INFO:_display_container: 2
2025-12-24 16:20:20,747:INFO:RidgeClassifier(alpha=1.0, class_weight=None, copy_X=True, fit_intercept=True,
                max_iter=None, positive=False, random_state=123, solver='auto',
                tol=0.0001)
2025-12-24 16:20:20,747:INFO:create_model() successfully completed......................................
2025-12-24 16:20:20,841:INFO:SubProcess create_model() end ==================================
2025-12-24 16:20:20,841:INFO:Creating metrics dataframe
2025-12-24 16:20:20,848:INFO:Initializing Random Forest Classifier
2025-12-24 16:20:20,848:INFO:Total runtime is 0.16258474588394164 minutes
2025-12-24 16:20:20,851:INFO:SubProcess create_model() called ==================================
2025-12-24 16:20:20,851:INFO:Initializing create_model()
2025-12-24 16:20:20,851:INFO:create_model(self=<pycaret.classification.oop.ClassificationExperiment object at 0x000001D96DB28310>, estimator=rf, fold=StratifiedKFold(n_splits=5, random_state=None, shuffle=False), round=4, cross_validation=True, predict=True, fit_kwargs={}, groups=None, refit=False, probability_threshold=None, experiment_custom_tags=None, verbose=False, system=False, add_to_model_list=True, metrics=None, display=<pycaret.internal.display.display.CommonDisplay object at 0x000001D96EA0B090>, model_only=True, return_train_score=False, error_score=0.0, kwargs={})
2025-12-24 16:20:20,851:INFO:Checking exceptions
2025-12-24 16:20:20,852:INFO:Importing libraries
2025-12-24 16:20:20,852:INFO:Copying training dataset
2025-12-24 16:20:20,864:INFO:Defining folds
2025-12-24 16:20:20,864:INFO:Declaring metric variables
2025-12-24 16:20:20,867:INFO:Importing untrained model
2025-12-24 16:20:20,870:INFO:Random Forest Classifier Imported successfully
2025-12-24 16:20:20,875:INFO:Starting cross validation
2025-12-24 16:20:20,876:INFO:Cross validating with StratifiedKFold(n_splits=5, random_state=None, shuffle=False), n_jobs=-1
2025-12-24 16:20:21,333:INFO:Calculating mean and std
2025-12-24 16:20:21,334:INFO:Creating metrics dataframe
2025-12-24 16:20:21,336:INFO:Uploading results into container
2025-12-24 16:20:21,336:INFO:Uploading model into container now
2025-12-24 16:20:21,337:INFO:_master_model_container: 7
2025-12-24 16:20:21,337:INFO:_display_container: 2
2025-12-24 16:20:21,337:INFO:RandomForestClassifier(bootstrap=True, ccp_alpha=0.0, class_weight=None,
                       criterion='gini', max_depth=None, max_features='sqrt',
                       max_leaf_nodes=None, max_samples=None,
                       min_impurity_decrease=0.0, min_samples_leaf=1,
                       min_samples_split=2, min_weight_fraction_leaf=0.0,
                       monotonic_cst=None, n_estimators=100, n_jobs=-1,
                       oob_score=False, random_state=123, verbose=0,
                       warm_start=False)
2025-12-24 16:20:21,337:INFO:create_model() successfully completed......................................
2025-12-24 16:20:21,432:INFO:SubProcess create_model() end ==================================
2025-12-24 16:20:21,432:INFO:Creating metrics dataframe
2025-12-24 16:20:21,440:INFO:Initializing Quadratic Discriminant Analysis
2025-12-24 16:20:21,440:INFO:Total runtime is 0.17245223919550579 minutes
2025-12-24 16:20:21,443:INFO:SubProcess create_model() called ==================================
2025-12-24 16:20:21,443:INFO:Initializing create_model()
2025-12-24 16:20:21,443:INFO:create_model(self=<pycaret.classification.oop.ClassificationExperiment object at 0x000001D96DB28310>, estimator=qda, fold=StratifiedKFold(n_splits=5, random_state=None, shuffle=False), round=4, cross_validation=True, predict=True, fit_kwargs={}, groups=None, refit=False, probability_threshold=None, experiment_custom_tags=None, verbose=False, system=False, add_to_model_list=True, metrics=None, display=<pycaret.internal.display.display.CommonDisplay object at 0x000001D96EA0B090>, model_only=True, return_train_score=False, error_score=0.0, kwargs={})
2025-12-24 16:20:21,443:INFO:Checking exceptions
2025-12-24 16:20:21,443:INFO:Importing libraries
2025-12-24 16:20:21,443:INFO:Copying training dataset
2025-12-24 16:20:21,457:INFO:Defining folds
2025-12-24 16:20:21,457:INFO:Declaring metric variables
2025-12-24 16:20:21,460:INFO:Importing untrained model
2025-12-24 16:20:21,463:INFO:Quadratic Discriminant Analysis Imported successfully
2025-12-24 16:20:21,468:INFO:Starting cross validation
2025-12-24 16:20:21,469:INFO:Cross validating with StratifiedKFold(n_splits=5, random_state=None, shuffle=False), n_jobs=-1
2025-12-24 16:20:21,531:WARNING:c:\Users\Cristina\AppData\Local\Programs\Python\Python311\Lib\site-packages\sklearn\discriminant_analysis.py:935: UserWarning: Variables are collinear
  warnings.warn("Variables are collinear")

2025-12-24 16:20:21,531:WARNING:c:\Users\Cristina\AppData\Local\Programs\Python\Python311\Lib\site-packages\sklearn\discriminant_analysis.py:935: UserWarning: Variables are collinear
  warnings.warn("Variables are collinear")

2025-12-24 16:20:21,563:INFO:Calculating mean and std
2025-12-24 16:20:21,564:INFO:Creating metrics dataframe
2025-12-24 16:20:21,566:INFO:Uploading results into container
2025-12-24 16:20:21,566:INFO:Uploading model into container now
2025-12-24 16:20:21,566:INFO:_master_model_container: 8
2025-12-24 16:20:21,567:INFO:_display_container: 2
2025-12-24 16:20:21,567:INFO:QuadraticDiscriminantAnalysis(priors=None, reg_param=0.0,
                              store_covariance=False, tol=0.0001)
2025-12-24 16:20:21,567:INFO:create_model() successfully completed......................................
2025-12-24 16:20:21,661:INFO:SubProcess create_model() end ==================================
2025-12-24 16:20:21,661:INFO:Creating metrics dataframe
2025-12-24 16:20:21,669:INFO:Initializing Ada Boost Classifier
2025-12-24 16:20:21,669:INFO:Total runtime is 0.17627242008845012 minutes
2025-12-24 16:20:21,673:INFO:SubProcess create_model() called ==================================
2025-12-24 16:20:21,673:INFO:Initializing create_model()
2025-12-24 16:20:21,674:INFO:create_model(self=<pycaret.classification.oop.ClassificationExperiment object at 0x000001D96DB28310>, estimator=ada, fold=StratifiedKFold(n_splits=5, random_state=None, shuffle=False), round=4, cross_validation=True, predict=True, fit_kwargs={}, groups=None, refit=False, probability_threshold=None, experiment_custom_tags=None, verbose=False, system=False, add_to_model_list=True, metrics=None, display=<pycaret.internal.display.display.CommonDisplay object at 0x000001D96EA0B090>, model_only=True, return_train_score=False, error_score=0.0, kwargs={})
2025-12-24 16:20:21,674:INFO:Checking exceptions
2025-12-24 16:20:21,674:INFO:Importing libraries
2025-12-24 16:20:21,674:INFO:Copying training dataset
2025-12-24 16:20:21,687:INFO:Defining folds
2025-12-24 16:20:21,687:INFO:Declaring metric variables
2025-12-24 16:20:21,690:INFO:Importing untrained model
2025-12-24 16:20:21,693:INFO:Ada Boost Classifier Imported successfully
2025-12-24 16:20:21,698:INFO:Starting cross validation
2025-12-24 16:20:21,699:INFO:Cross validating with StratifiedKFold(n_splits=5, random_state=None, shuffle=False), n_jobs=-1
2025-12-24 16:20:21,752:WARNING:c:\Users\Cristina\AppData\Local\Programs\Python\Python311\Lib\site-packages\sklearn\ensemble\_weight_boosting.py:519: FutureWarning: The SAMME.R algorithm (the default) is deprecated and will be removed in 1.6. Use the SAMME algorithm to circumvent this warning.
  warnings.warn(

2025-12-24 16:20:21,752:WARNING:c:\Users\Cristina\AppData\Local\Programs\Python\Python311\Lib\site-packages\sklearn\ensemble\_weight_boosting.py:519: FutureWarning: The SAMME.R algorithm (the default) is deprecated and will be removed in 1.6. Use the SAMME algorithm to circumvent this warning.
  warnings.warn(

2025-12-24 16:20:22,115:INFO:Calculating mean and std
2025-12-24 16:20:22,116:INFO:Creating metrics dataframe
2025-12-24 16:20:22,118:INFO:Uploading results into container
2025-12-24 16:20:22,118:INFO:Uploading model into container now
2025-12-24 16:20:22,119:INFO:_master_model_container: 9
2025-12-24 16:20:22,119:INFO:_display_container: 2
2025-12-24 16:20:22,119:INFO:AdaBoostClassifier(algorithm='SAMME.R', estimator=None, learning_rate=1.0,
                   n_estimators=50, random_state=123)
2025-12-24 16:20:22,119:INFO:create_model() successfully completed......................................
2025-12-24 16:20:22,212:INFO:SubProcess create_model() end ==================================
2025-12-24 16:20:22,213:INFO:Creating metrics dataframe
2025-12-24 16:20:22,220:INFO:Initializing Gradient Boosting Classifier
2025-12-24 16:20:22,221:INFO:Total runtime is 0.1854474107424418 minutes
2025-12-24 16:20:22,224:INFO:SubProcess create_model() called ==================================
2025-12-24 16:20:22,224:INFO:Initializing create_model()
2025-12-24 16:20:22,224:INFO:create_model(self=<pycaret.classification.oop.ClassificationExperiment object at 0x000001D96DB28310>, estimator=gbc, fold=StratifiedKFold(n_splits=5, random_state=None, shuffle=False), round=4, cross_validation=True, predict=True, fit_kwargs={}, groups=None, refit=False, probability_threshold=None, experiment_custom_tags=None, verbose=False, system=False, add_to_model_list=True, metrics=None, display=<pycaret.internal.display.display.CommonDisplay object at 0x000001D96EA0B090>, model_only=True, return_train_score=False, error_score=0.0, kwargs={})
2025-12-24 16:20:22,225:INFO:Checking exceptions
2025-12-24 16:20:22,225:INFO:Importing libraries
2025-12-24 16:20:22,225:INFO:Copying training dataset
2025-12-24 16:20:22,240:INFO:Defining folds
2025-12-24 16:20:22,240:INFO:Declaring metric variables
2025-12-24 16:20:22,242:INFO:Importing untrained model
2025-12-24 16:20:22,245:INFO:Gradient Boosting Classifier Imported successfully
2025-12-24 16:20:22,250:INFO:Starting cross validation
2025-12-24 16:20:22,251:INFO:Cross validating with StratifiedKFold(n_splits=5, random_state=None, shuffle=False), n_jobs=-1
2025-12-24 16:20:23,568:INFO:Calculating mean and std
2025-12-24 16:20:23,569:INFO:Creating metrics dataframe
2025-12-24 16:20:23,572:INFO:Uploading results into container
2025-12-24 16:20:23,572:INFO:Uploading model into container now
2025-12-24 16:20:23,573:INFO:_master_model_container: 10
2025-12-24 16:20:23,573:INFO:_display_container: 2
2025-12-24 16:20:23,574:INFO:GradientBoostingClassifier(ccp_alpha=0.0, criterion='friedman_mse', init=None,
                           learning_rate=0.1, loss='log_loss', max_depth=3,
                           max_features=None, max_leaf_nodes=None,
                           min_impurity_decrease=0.0, min_samples_leaf=1,
                           min_samples_split=2, min_weight_fraction_leaf=0.0,
                           n_estimators=100, n_iter_no_change=None,
                           random_state=123, subsample=1.0, tol=0.0001,
                           validation_fraction=0.1, verbose=0,
                           warm_start=False)
2025-12-24 16:20:23,574:INFO:create_model() successfully completed......................................
2025-12-24 16:20:23,674:INFO:SubProcess create_model() end ==================================
2025-12-24 16:20:23,674:INFO:Creating metrics dataframe
2025-12-24 16:20:23,682:INFO:Initializing Linear Discriminant Analysis
2025-12-24 16:20:23,682:INFO:Total runtime is 0.2098194201787313 minutes
2025-12-24 16:20:23,685:INFO:SubProcess create_model() called ==================================
2025-12-24 16:20:23,685:INFO:Initializing create_model()
2025-12-24 16:20:23,685:INFO:create_model(self=<pycaret.classification.oop.ClassificationExperiment object at 0x000001D96DB28310>, estimator=lda, fold=StratifiedKFold(n_splits=5, random_state=None, shuffle=False), round=4, cross_validation=True, predict=True, fit_kwargs={}, groups=None, refit=False, probability_threshold=None, experiment_custom_tags=None, verbose=False, system=False, add_to_model_list=True, metrics=None, display=<pycaret.internal.display.display.CommonDisplay object at 0x000001D96EA0B090>, model_only=True, return_train_score=False, error_score=0.0, kwargs={})
2025-12-24 16:20:23,685:INFO:Checking exceptions
2025-12-24 16:20:23,685:INFO:Importing libraries
2025-12-24 16:20:23,686:INFO:Copying training dataset
2025-12-24 16:20:23,697:INFO:Defining folds
2025-12-24 16:20:23,697:INFO:Declaring metric variables
2025-12-24 16:20:23,701:INFO:Importing untrained model
2025-12-24 16:20:23,704:INFO:Linear Discriminant Analysis Imported successfully
2025-12-24 16:20:23,711:INFO:Starting cross validation
2025-12-24 16:20:23,712:INFO:Cross validating with StratifiedKFold(n_splits=5, random_state=None, shuffle=False), n_jobs=-1
2025-12-24 16:20:23,796:INFO:Calculating mean and std
2025-12-24 16:20:23,796:INFO:Creating metrics dataframe
2025-12-24 16:20:23,798:INFO:Uploading results into container
2025-12-24 16:20:23,799:INFO:Uploading model into container now
2025-12-24 16:20:23,799:INFO:_master_model_container: 11
2025-12-24 16:20:23,799:INFO:_display_container: 2
2025-12-24 16:20:23,800:INFO:LinearDiscriminantAnalysis(covariance_estimator=None, n_components=None,
                           priors=None, shrinkage=None, solver='svd',
                           store_covariance=False, tol=0.0001)
2025-12-24 16:20:23,800:INFO:create_model() successfully completed......................................
2025-12-24 16:20:23,894:INFO:SubProcess create_model() end ==================================
2025-12-24 16:20:23,894:INFO:Creating metrics dataframe
2025-12-24 16:20:23,903:INFO:Initializing Extra Trees Classifier
2025-12-24 16:20:23,903:INFO:Total runtime is 0.21350523233413696 minutes
2025-12-24 16:20:23,905:INFO:SubProcess create_model() called ==================================
2025-12-24 16:20:23,906:INFO:Initializing create_model()
2025-12-24 16:20:23,906:INFO:create_model(self=<pycaret.classification.oop.ClassificationExperiment object at 0x000001D96DB28310>, estimator=et, fold=StratifiedKFold(n_splits=5, random_state=None, shuffle=False), round=4, cross_validation=True, predict=True, fit_kwargs={}, groups=None, refit=False, probability_threshold=None, experiment_custom_tags=None, verbose=False, system=False, add_to_model_list=True, metrics=None, display=<pycaret.internal.display.display.CommonDisplay object at 0x000001D96EA0B090>, model_only=True, return_train_score=False, error_score=0.0, kwargs={})
2025-12-24 16:20:23,906:INFO:Checking exceptions
2025-12-24 16:20:23,906:INFO:Importing libraries
2025-12-24 16:20:23,906:INFO:Copying training dataset
2025-12-24 16:20:23,918:INFO:Defining folds
2025-12-24 16:20:23,918:INFO:Declaring metric variables
2025-12-24 16:20:23,920:INFO:Importing untrained model
2025-12-24 16:20:23,923:INFO:Extra Trees Classifier Imported successfully
2025-12-24 16:20:23,928:INFO:Starting cross validation
2025-12-24 16:20:23,929:INFO:Cross validating with StratifiedKFold(n_splits=5, random_state=None, shuffle=False), n_jobs=-1
2025-12-24 16:20:24,285:INFO:Calculating mean and std
2025-12-24 16:20:24,285:INFO:Creating metrics dataframe
2025-12-24 16:20:24,288:INFO:Uploading results into container
2025-12-24 16:20:24,289:INFO:Uploading model into container now
2025-12-24 16:20:24,289:INFO:_master_model_container: 12
2025-12-24 16:20:24,289:INFO:_display_container: 2
2025-12-24 16:20:24,290:INFO:ExtraTreesClassifier(bootstrap=False, ccp_alpha=0.0, class_weight=None,
                     criterion='gini', max_depth=None, max_features='sqrt',
                     max_leaf_nodes=None, max_samples=None,
                     min_impurity_decrease=0.0, min_samples_leaf=1,
                     min_samples_split=2, min_weight_fraction_leaf=0.0,
                     monotonic_cst=None, n_estimators=100, n_jobs=-1,
                     oob_score=False, random_state=123, verbose=0,
                     warm_start=False)
2025-12-24 16:20:24,290:INFO:create_model() successfully completed......................................
2025-12-24 16:20:24,387:INFO:SubProcess create_model() end ==================================
2025-12-24 16:20:24,387:INFO:Creating metrics dataframe
2025-12-24 16:20:24,396:INFO:Initializing Light Gradient Boosting Machine
2025-12-24 16:20:24,396:INFO:Total runtime is 0.22171159585316974 minutes
2025-12-24 16:20:24,398:INFO:SubProcess create_model() called ==================================
2025-12-24 16:20:24,399:INFO:Initializing create_model()
2025-12-24 16:20:24,399:INFO:create_model(self=<pycaret.classification.oop.ClassificationExperiment object at 0x000001D96DB28310>, estimator=lightgbm, fold=StratifiedKFold(n_splits=5, random_state=None, shuffle=False), round=4, cross_validation=True, predict=True, fit_kwargs={}, groups=None, refit=False, probability_threshold=None, experiment_custom_tags=None, verbose=False, system=False, add_to_model_list=True, metrics=None, display=<pycaret.internal.display.display.CommonDisplay object at 0x000001D96EA0B090>, model_only=True, return_train_score=False, error_score=0.0, kwargs={})
2025-12-24 16:20:24,399:INFO:Checking exceptions
2025-12-24 16:20:24,399:INFO:Importing libraries
2025-12-24 16:20:24,399:INFO:Copying training dataset
2025-12-24 16:20:24,414:INFO:Defining folds
2025-12-24 16:20:24,414:INFO:Declaring metric variables
2025-12-24 16:20:24,417:INFO:Importing untrained model
2025-12-24 16:20:24,420:INFO:Light Gradient Boosting Machine Imported successfully
2025-12-24 16:20:24,426:INFO:Starting cross validation
2025-12-24 16:20:24,427:INFO:Cross validating with StratifiedKFold(n_splits=5, random_state=None, shuffle=False), n_jobs=-1
2025-12-24 16:20:24,963:INFO:Calculating mean and std
2025-12-24 16:20:24,963:INFO:Creating metrics dataframe
2025-12-24 16:20:24,966:INFO:Uploading results into container
2025-12-24 16:20:24,967:INFO:Uploading model into container now
2025-12-24 16:20:24,967:INFO:_master_model_container: 13
2025-12-24 16:20:24,968:INFO:_display_container: 2
2025-12-24 16:20:24,969:INFO:LGBMClassifier(boosting_type='gbdt', class_weight=None, colsample_bytree=1.0,
               importance_type='split', learning_rate=0.1, max_depth=-1,
               min_child_samples=20, min_child_weight=0.001, min_split_gain=0.0,
               n_estimators=100, n_jobs=-1, num_leaves=31, objective=None,
               random_state=123, reg_alpha=0.0, reg_lambda=0.0, subsample=1.0,
               subsample_for_bin=200000, subsample_freq=0)
2025-12-24 16:20:24,969:INFO:create_model() successfully completed......................................
2025-12-24 16:20:25,081:INFO:SubProcess create_model() end ==================================
2025-12-24 16:20:25,081:INFO:Creating metrics dataframe
2025-12-24 16:20:25,091:INFO:Initializing Dummy Classifier
2025-12-24 16:20:25,091:INFO:Total runtime is 0.23330545822779336 minutes
2025-12-24 16:20:25,094:INFO:SubProcess create_model() called ==================================
2025-12-24 16:20:25,094:INFO:Initializing create_model()
2025-12-24 16:20:25,094:INFO:create_model(self=<pycaret.classification.oop.ClassificationExperiment object at 0x000001D96DB28310>, estimator=dummy, fold=StratifiedKFold(n_splits=5, random_state=None, shuffle=False), round=4, cross_validation=True, predict=True, fit_kwargs={}, groups=None, refit=False, probability_threshold=None, experiment_custom_tags=None, verbose=False, system=False, add_to_model_list=True, metrics=None, display=<pycaret.internal.display.display.CommonDisplay object at 0x000001D96EA0B090>, model_only=True, return_train_score=False, error_score=0.0, kwargs={})
2025-12-24 16:20:25,094:INFO:Checking exceptions
2025-12-24 16:20:25,095:INFO:Importing libraries
2025-12-24 16:20:25,095:INFO:Copying training dataset
2025-12-24 16:20:25,107:INFO:Defining folds
2025-12-24 16:20:25,107:INFO:Declaring metric variables
2025-12-24 16:20:25,110:INFO:Importing untrained model
2025-12-24 16:20:25,113:INFO:Dummy Classifier Imported successfully
2025-12-24 16:20:25,119:INFO:Starting cross validation
2025-12-24 16:20:25,120:INFO:Cross validating with StratifiedKFold(n_splits=5, random_state=None, shuffle=False), n_jobs=-1
2025-12-24 16:20:25,190:WARNING:c:\Users\Cristina\AppData\Local\Programs\Python\Python311\Lib\site-packages\sklearn\metrics\_classification.py:1509: UndefinedMetricWarning: Precision is ill-defined and being set to 0.0 due to no predicted samples. Use `zero_division` parameter to control this behavior.
  _warn_prf(average, modifier, f"{metric.capitalize()} is", len(result))

2025-12-24 16:20:25,204:INFO:Calculating mean and std
2025-12-24 16:20:25,204:INFO:Creating metrics dataframe
2025-12-24 16:20:25,206:INFO:Uploading results into container
2025-12-24 16:20:25,206:INFO:Uploading model into container now
2025-12-24 16:20:25,206:INFO:_master_model_container: 14
2025-12-24 16:20:25,207:INFO:_display_container: 2
2025-12-24 16:20:25,207:INFO:DummyClassifier(constant=None, random_state=123, strategy='prior')
2025-12-24 16:20:25,207:INFO:create_model() successfully completed......................................
2025-12-24 16:20:25,301:INFO:SubProcess create_model() end ==================================
2025-12-24 16:20:25,301:INFO:Creating metrics dataframe
2025-12-24 16:20:25,312:WARNING:c:\Users\Cristina\AppData\Local\Programs\Python\Python311\Lib\site-packages\pycaret\internal\pycaret_experiment\supervised_experiment.py:339: FutureWarning: Styler.applymap has been deprecated. Use Styler.map instead.
  .applymap(highlight_cols, subset=["TT (Sec)"])

2025-12-24 16:20:25,320:INFO:Initializing create_model()
2025-12-24 16:20:25,321:INFO:create_model(self=<pycaret.classification.oop.ClassificationExperiment object at 0x000001D96DB28310>, estimator=LGBMClassifier(boosting_type='gbdt', class_weight=None, colsample_bytree=1.0,
               importance_type='split', learning_rate=0.1, max_depth=-1,
               min_child_samples=20, min_child_weight=0.001, min_split_gain=0.0,
               n_estimators=100, n_jobs=-1, num_leaves=31, objective=None,
               random_state=123, reg_alpha=0.0, reg_lambda=0.0, subsample=1.0,
               subsample_for_bin=200000, subsample_freq=0), fold=StratifiedKFold(n_splits=5, random_state=None, shuffle=False), round=4, cross_validation=False, predict=False, fit_kwargs={}, groups=None, refit=True, probability_threshold=None, experiment_custom_tags=None, verbose=False, system=False, add_to_model_list=True, metrics=None, display=None, model_only=True, return_train_score=False, error_score=0.0, kwargs={})
2025-12-24 16:20:25,321:INFO:Checking exceptions
2025-12-24 16:20:25,322:INFO:Importing libraries
2025-12-24 16:20:25,323:INFO:Copying training dataset
2025-12-24 16:20:25,335:INFO:Defining folds
2025-12-24 16:20:25,335:INFO:Declaring metric variables
2025-12-24 16:20:25,335:INFO:Importing untrained model
2025-12-24 16:20:25,335:INFO:Declaring custom model
2025-12-24 16:20:25,336:INFO:Light Gradient Boosting Machine Imported successfully
2025-12-24 16:20:25,337:INFO:Cross validation set to False
2025-12-24 16:20:25,337:INFO:Fitting Model
2025-12-24 16:20:25,365:INFO:[LightGBM] [Warning] Found whitespace in feature_names, replace with underlines
2025-12-24 16:20:25,366:INFO:[LightGBM] [Info] Number of positive: 1912, number of negative: 3018
2025-12-24 16:20:25,368:INFO:[LightGBM] [Info] Auto-choosing row-wise multi-threading, the overhead of testing was 0.000775 seconds.
2025-12-24 16:20:25,368:INFO:You can set `force_row_wise=true` to remove the overhead.
2025-12-24 16:20:25,368:INFO:And if memory is not enough, you can set `force_col_wise=true`.
2025-12-24 16:20:25,368:INFO:[LightGBM] [Info] Total Bins 1737
2025-12-24 16:20:25,369:INFO:[LightGBM] [Info] Number of data points in the train set: 4930, number of used features: 35
2025-12-24 16:20:25,369:INFO:[LightGBM] [Info] [binary:BoostFromScore]: pavg=0.387830 -> initscore=-0.456445
2025-12-24 16:20:25,369:INFO:[LightGBM] [Info] Start training from score -0.456445
2025-12-24 16:20:25,492:INFO:LGBMClassifier(boosting_type='gbdt', class_weight=None, colsample_bytree=1.0,
               importance_type='split', learning_rate=0.1, max_depth=-1,
               min_child_samples=20, min_child_weight=0.001, min_split_gain=0.0,
               n_estimators=100, n_jobs=-1, num_leaves=31, objective=None,
               random_state=123, reg_alpha=0.0, reg_lambda=0.0, subsample=1.0,
               subsample_for_bin=200000, subsample_freq=0)
2025-12-24 16:20:25,492:INFO:create_model() successfully completed......................................
2025-12-24 16:20:25,626:INFO:_master_model_container: 14
2025-12-24 16:20:25,626:INFO:_display_container: 2
2025-12-24 16:20:25,627:INFO:LGBMClassifier(boosting_type='gbdt', class_weight=None, colsample_bytree=1.0,
               importance_type='split', learning_rate=0.1, max_depth=-1,
               min_child_samples=20, min_child_weight=0.001, min_split_gain=0.0,
               n_estimators=100, n_jobs=-1, num_leaves=31, objective=None,
               random_state=123, reg_alpha=0.0, reg_lambda=0.0, subsample=1.0,
               subsample_for_bin=200000, subsample_freq=0)
2025-12-24 16:20:25,627:INFO:compare_models() successfully completed......................................
2025-12-24 16:20:25,640:INFO:Initializing tune_model()
2025-12-24 16:20:25,640:INFO:tune_model(self=<pycaret.classification.oop.ClassificationExperiment object at 0x000001D96DB28310>, estimator=LGBMClassifier(boosting_type='gbdt', class_weight=None, colsample_bytree=1.0,
               importance_type='split', learning_rate=0.1, max_depth=-1,
               min_child_samples=20, min_child_weight=0.001, min_split_gain=0.0,
               n_estimators=100, n_jobs=-1, num_leaves=31, objective=None,
               random_state=123, reg_alpha=0.0, reg_lambda=0.0, subsample=1.0,
               subsample_for_bin=200000, subsample_freq=0), fold=5, round=4, n_iter=10, custom_grid=None, optimize=Accuracy, custom_scorer=None, search_library=scikit-learn, search_algorithm=None, early_stopping=False, early_stopping_max_iters=10, choose_better=True, fit_kwargs=None, groups=None, return_tuner=False, verbose=True, tuner_verbose=True, return_train_score=False, kwargs={})
2025-12-24 16:20:25,640:INFO:Checking exceptions
2025-12-24 16:20:25,658:INFO:Copying training dataset
2025-12-24 16:20:25,669:INFO:Checking base model
2025-12-24 16:20:25,669:INFO:Base model : Light Gradient Boosting Machine
2025-12-24 16:20:25,673:INFO:Declaring metric variables
2025-12-24 16:20:25,677:INFO:Defining Hyperparameters
2025-12-24 16:20:25,779:INFO:Tuning with n_jobs=-1
2025-12-24 16:20:25,780:INFO:Initializing RandomizedSearchCV
2025-12-24 16:20:28,557:INFO:best_params: {'actual_estimator__reg_lambda': 0.1, 'actual_estimator__reg_alpha': 0.0001, 'actual_estimator__num_leaves': 10, 'actual_estimator__n_estimators': 180, 'actual_estimator__min_split_gain': 0.7, 'actual_estimator__min_child_samples': 96, 'actual_estimator__learning_rate': 0.05, 'actual_estimator__feature_fraction': 0.9, 'actual_estimator__bagging_freq': 4, 'actual_estimator__bagging_fraction': 0.6}
2025-12-24 16:20:28,558:INFO:Hyperparameter search completed
2025-12-24 16:20:28,558:INFO:SubProcess create_model() called ==================================
2025-12-24 16:20:28,559:INFO:Initializing create_model()
2025-12-24 16:20:28,559:INFO:create_model(self=<pycaret.classification.oop.ClassificationExperiment object at 0x000001D96DB28310>, estimator=LGBMClassifier(boosting_type='gbdt', class_weight=None, colsample_bytree=1.0,
               importance_type='split', learning_rate=0.1, max_depth=-1,
               min_child_samples=20, min_child_weight=0.001, min_split_gain=0.0,
               n_estimators=100, n_jobs=-1, num_leaves=31, objective=None,
               random_state=123, reg_alpha=0.0, reg_lambda=0.0, subsample=1.0,
               subsample_for_bin=200000, subsample_freq=0), fold=StratifiedKFold(n_splits=5, random_state=None, shuffle=False), round=4, cross_validation=True, predict=True, fit_kwargs={}, groups=None, refit=True, probability_threshold=None, experiment_custom_tags=None, verbose=True, system=False, add_to_model_list=True, metrics=None, display=<pycaret.internal.display.display.CommonDisplay object at 0x000001D96DD5CD50>, model_only=True, return_train_score=False, error_score=0.0, kwargs={'reg_lambda': 0.1, 'reg_alpha': 0.0001, 'num_leaves': 10, 'n_estimators': 180, 'min_split_gain': 0.7, 'min_child_samples': 96, 'learning_rate': 0.05, 'feature_fraction': 0.9, 'bagging_freq': 4, 'bagging_fraction': 0.6})
2025-12-24 16:20:28,559:INFO:Checking exceptions
2025-12-24 16:20:28,559:INFO:Importing libraries
2025-12-24 16:20:28,559:INFO:Copying training dataset
2025-12-24 16:20:28,576:INFO:Defining folds
2025-12-24 16:20:28,576:INFO:Declaring metric variables
2025-12-24 16:20:28,580:INFO:Importing untrained model
2025-12-24 16:20:28,580:INFO:Declaring custom model
2025-12-24 16:20:28,585:INFO:Light Gradient Boosting Machine Imported successfully
2025-12-24 16:20:28,591:INFO:Starting cross validation
2025-12-24 16:20:28,593:INFO:Cross validating with StratifiedKFold(n_splits=5, random_state=None, shuffle=False), n_jobs=-1
2025-12-24 16:20:29,037:INFO:Calculating mean and std
2025-12-24 16:20:29,038:INFO:Creating metrics dataframe
2025-12-24 16:20:29,044:INFO:Finalizing model
2025-12-24 16:20:29,076:INFO:[LightGBM] [Warning] feature_fraction is set=0.9, colsample_bytree=1.0 will be ignored. Current value: feature_fraction=0.9
2025-12-24 16:20:29,076:INFO:[LightGBM] [Warning] bagging_fraction is set=0.6, subsample=1.0 will be ignored. Current value: bagging_fraction=0.6
2025-12-24 16:20:29,077:INFO:[LightGBM] [Warning] bagging_freq is set=4, subsample_freq=0 will be ignored. Current value: bagging_freq=4
2025-12-24 16:20:29,085:INFO:[LightGBM] [Warning] Found whitespace in feature_names, replace with underlines
2025-12-24 16:20:29,085:INFO:[LightGBM] [Warning] feature_fraction is set=0.9, colsample_bytree=1.0 will be ignored. Current value: feature_fraction=0.9
2025-12-24 16:20:29,085:INFO:[LightGBM] [Warning] bagging_fraction is set=0.6, subsample=1.0 will be ignored. Current value: bagging_fraction=0.6
2025-12-24 16:20:29,085:INFO:[LightGBM] [Warning] bagging_freq is set=4, subsample_freq=0 will be ignored. Current value: bagging_freq=4
2025-12-24 16:20:29,086:INFO:[LightGBM] [Info] Number of positive: 1912, number of negative: 3018
2025-12-24 16:20:29,088:INFO:[LightGBM] [Info] Auto-choosing col-wise multi-threading, the overhead of testing was 0.001568 seconds.
2025-12-24 16:20:29,088:INFO:You can set `force_col_wise=true` to remove the overhead.
2025-12-24 16:20:29,088:INFO:[LightGBM] [Info] Total Bins 1737
2025-12-24 16:20:29,088:INFO:[LightGBM] [Info] Number of data points in the train set: 4930, number of used features: 35
2025-12-24 16:20:29,089:INFO:[LightGBM] [Info] [binary:BoostFromScore]: pavg=0.387830 -> initscore=-0.456445
2025-12-24 16:20:29,089:INFO:[LightGBM] [Info] Start training from score -0.456445
2025-12-24 16:20:29,090:INFO:[LightGBM] [Warning] No further splits with positive gain, best gain: -inf
2025-12-24 16:20:29,091:INFO:[LightGBM] [Warning] No further splits with positive gain, best gain: -inf
2025-12-24 16:20:29,092:INFO:[LightGBM] [Warning] No further splits with positive gain, best gain: -inf
2025-12-24 16:20:29,093:INFO:[LightGBM] [Warning] No further splits with positive gain, best gain: -inf
2025-12-24 16:20:29,094:INFO:[LightGBM] [Warning] No further splits with positive gain, best gain: -inf
2025-12-24 16:20:29,096:INFO:[LightGBM] [Warning] No further splits with positive gain, best gain: -inf
2025-12-24 16:20:29,097:INFO:[LightGBM] [Warning] No further splits with positive gain, best gain: -inf
2025-12-24 16:20:29,098:INFO:[LightGBM] [Warning] No further splits with positive gain, best gain: -inf
2025-12-24 16:20:29,101:INFO:[LightGBM] [Warning] No further splits with positive gain, best gain: -inf
2025-12-24 16:20:29,102:INFO:[LightGBM] [Warning] No further splits with positive gain, best gain: -inf
2025-12-24 16:20:29,105:INFO:[LightGBM] [Warning] No further splits with positive gain, best gain: -inf
2025-12-24 16:20:29,106:INFO:[LightGBM] [Warning] No further splits with positive gain, best gain: -inf
2025-12-24 16:20:29,107:INFO:[LightGBM] [Warning] No further splits with positive gain, best gain: -inf
2025-12-24 16:20:29,108:INFO:[LightGBM] [Warning] No further splits with positive gain, best gain: -inf
2025-12-24 16:20:29,109:INFO:[LightGBM] [Warning] No further splits with positive gain, best gain: -inf
2025-12-24 16:20:29,109:INFO:[LightGBM] [Warning] No further splits with positive gain, best gain: -inf
2025-12-24 16:20:29,110:INFO:[LightGBM] [Warning] No further splits with positive gain, best gain: -inf
2025-12-24 16:20:29,111:INFO:[LightGBM] [Warning] No further splits with positive gain, best gain: -inf
2025-12-24 16:20:29,112:INFO:[LightGBM] [Warning] No further splits with positive gain, best gain: -inf
2025-12-24 16:20:29,115:INFO:[LightGBM] [Warning] No further splits with positive gain, best gain: -inf
2025-12-24 16:20:29,116:INFO:[LightGBM] [Warning] No further splits with positive gain, best gain: -inf
2025-12-24 16:20:29,128:INFO:[LightGBM] [Warning] No further splits with positive gain, best gain: -inf
2025-12-24 16:20:29,128:INFO:[LightGBM] [Warning] No further splits with positive gain, best gain: -inf
2025-12-24 16:20:29,129:INFO:[LightGBM] [Warning] No further splits with positive gain, best gain: -inf
2025-12-24 16:20:29,129:INFO:[LightGBM] [Warning] No further splits with positive gain, best gain: -inf
2025-12-24 16:20:29,134:INFO:[LightGBM] [Warning] No further splits with positive gain, best gain: -inf
2025-12-24 16:20:29,203:INFO:Uploading results into container
2025-12-24 16:20:29,203:INFO:Uploading model into container now
2025-12-24 16:20:29,204:INFO:_master_model_container: 15
2025-12-24 16:20:29,204:INFO:_display_container: 3
2025-12-24 16:20:29,205:INFO:LGBMClassifier(bagging_fraction=0.6, bagging_freq=4, boosting_type='gbdt',
               class_weight=None, colsample_bytree=1.0, feature_fraction=0.9,
               importance_type='split', learning_rate=0.05, max_depth=-1,
               min_child_samples=96, min_child_weight=0.001, min_split_gain=0.7,
               n_estimators=180, n_jobs=-1, num_leaves=10, objective=None,
               random_state=123, reg_alpha=0.0001, reg_lambda=0.1,
               subsample=1.0, subsample_for_bin=200000, subsample_freq=0)
2025-12-24 16:20:29,205:INFO:create_model() successfully completed......................................
2025-12-24 16:20:29,316:INFO:SubProcess create_model() end ==================================
2025-12-24 16:20:29,316:INFO:choose_better activated
2025-12-24 16:20:29,320:INFO:SubProcess create_model() called ==================================
2025-12-24 16:20:29,321:INFO:Initializing create_model()
2025-12-24 16:20:29,321:INFO:create_model(self=<pycaret.classification.oop.ClassificationExperiment object at 0x000001D96DB28310>, estimator=LGBMClassifier(boosting_type='gbdt', class_weight=None, colsample_bytree=1.0,
               importance_type='split', learning_rate=0.1, max_depth=-1,
               min_child_samples=20, min_child_weight=0.001, min_split_gain=0.0,
               n_estimators=100, n_jobs=-1, num_leaves=31, objective=None,
               random_state=123, reg_alpha=0.0, reg_lambda=0.0, subsample=1.0,
               subsample_for_bin=200000, subsample_freq=0), fold=StratifiedKFold(n_splits=5, random_state=None, shuffle=False), round=4, cross_validation=True, predict=True, fit_kwargs={}, groups=None, refit=True, probability_threshold=None, experiment_custom_tags=None, verbose=False, system=False, add_to_model_list=True, metrics=None, display=None, model_only=True, return_train_score=False, error_score=0.0, kwargs={})
2025-12-24 16:20:29,322:INFO:Checking exceptions
2025-12-24 16:20:29,323:INFO:Importing libraries
2025-12-24 16:20:29,323:INFO:Copying training dataset
2025-12-24 16:20:29,338:INFO:Defining folds
2025-12-24 16:20:29,338:INFO:Declaring metric variables
2025-12-24 16:20:29,338:INFO:Importing untrained model
2025-12-24 16:20:29,338:INFO:Declaring custom model
2025-12-24 16:20:29,339:INFO:Light Gradient Boosting Machine Imported successfully
2025-12-24 16:20:29,339:INFO:Starting cross validation
2025-12-24 16:20:29,340:INFO:Cross validating with StratifiedKFold(n_splits=5, random_state=None, shuffle=False), n_jobs=-1
2025-12-24 16:20:29,975:INFO:Calculating mean and std
2025-12-24 16:20:29,976:INFO:Creating metrics dataframe
2025-12-24 16:20:29,977:INFO:Finalizing model
2025-12-24 16:20:30,014:INFO:[LightGBM] [Warning] Found whitespace in feature_names, replace with underlines
2025-12-24 16:20:30,014:INFO:[LightGBM] [Info] Number of positive: 1912, number of negative: 3018
2025-12-24 16:20:30,016:INFO:[LightGBM] [Info] Auto-choosing col-wise multi-threading, the overhead of testing was 0.001472 seconds.
2025-12-24 16:20:30,017:INFO:You can set `force_col_wise=true` to remove the overhead.
2025-12-24 16:20:30,017:INFO:[LightGBM] [Info] Total Bins 1737
2025-12-24 16:20:30,017:INFO:[LightGBM] [Info] Number of data points in the train set: 4930, number of used features: 35
2025-12-24 16:20:30,017:INFO:[LightGBM] [Info] [binary:BoostFromScore]: pavg=0.387830 -> initscore=-0.456445
2025-12-24 16:20:30,017:INFO:[LightGBM] [Info] Start training from score -0.456445
2025-12-24 16:20:30,149:INFO:Uploading results into container
2025-12-24 16:20:30,150:INFO:Uploading model into container now
2025-12-24 16:20:30,150:INFO:_master_model_container: 16
2025-12-24 16:20:30,150:INFO:_display_container: 4
2025-12-24 16:20:30,151:INFO:LGBMClassifier(boosting_type='gbdt', class_weight=None, colsample_bytree=1.0,
               importance_type='split', learning_rate=0.1, max_depth=-1,
               min_child_samples=20, min_child_weight=0.001, min_split_gain=0.0,
               n_estimators=100, n_jobs=-1, num_leaves=31, objective=None,
               random_state=123, reg_alpha=0.0, reg_lambda=0.0, subsample=1.0,
               subsample_for_bin=200000, subsample_freq=0)
2025-12-24 16:20:30,151:INFO:create_model() successfully completed......................................
2025-12-24 16:20:30,265:INFO:SubProcess create_model() end ==================================
2025-12-24 16:20:30,266:INFO:LGBMClassifier(boosting_type='gbdt', class_weight=None, colsample_bytree=1.0,
               importance_type='split', learning_rate=0.1, max_depth=-1,
               min_child_samples=20, min_child_weight=0.001, min_split_gain=0.0,
               n_estimators=100, n_jobs=-1, num_leaves=31, objective=None,
               random_state=123, reg_alpha=0.0, reg_lambda=0.0, subsample=1.0,
               subsample_for_bin=200000, subsample_freq=0) result for Accuracy is 0.9641
2025-12-24 16:20:30,267:INFO:LGBMClassifier(bagging_fraction=0.6, bagging_freq=4, boosting_type='gbdt',
               class_weight=None, colsample_bytree=1.0, feature_fraction=0.9,
               importance_type='split', learning_rate=0.05, max_depth=-1,
               min_child_samples=96, min_child_weight=0.001, min_split_gain=0.7,
               n_estimators=180, n_jobs=-1, num_leaves=10, objective=None,
               random_state=123, reg_alpha=0.0001, reg_lambda=0.1,
               subsample=1.0, subsample_for_bin=200000, subsample_freq=0) result for Accuracy is 0.9619
2025-12-24 16:20:30,267:INFO:LGBMClassifier(boosting_type='gbdt', class_weight=None, colsample_bytree=1.0,
               importance_type='split', learning_rate=0.1, max_depth=-1,
               min_child_samples=20, min_child_weight=0.001, min_split_gain=0.0,
               n_estimators=100, n_jobs=-1, num_leaves=31, objective=None,
               random_state=123, reg_alpha=0.0, reg_lambda=0.0, subsample=1.0,
               subsample_for_bin=200000, subsample_freq=0) is best model
2025-12-24 16:20:30,267:INFO:choose_better completed
2025-12-24 16:20:30,268:INFO:Original model was better than the tuned model, hence it will be returned. NOTE: The display metrics are for the tuned model (not the original one).
2025-12-24 16:20:30,276:INFO:_master_model_container: 16
2025-12-24 16:20:30,276:INFO:_display_container: 3
2025-12-24 16:20:30,276:INFO:LGBMClassifier(boosting_type='gbdt', class_weight=None, colsample_bytree=1.0,
               importance_type='split', learning_rate=0.1, max_depth=-1,
               min_child_samples=20, min_child_weight=0.001, min_split_gain=0.0,
               n_estimators=100, n_jobs=-1, num_leaves=31, objective=None,
               random_state=123, reg_alpha=0.0, reg_lambda=0.0, subsample=1.0,
               subsample_for_bin=200000, subsample_freq=0)
2025-12-24 16:20:30,277:INFO:tune_model() successfully completed......................................
2025-12-24 16:20:30,400:INFO:Initializing evaluate_model()
2025-12-24 16:20:30,400:INFO:evaluate_model(self=<pycaret.classification.oop.ClassificationExperiment object at 0x000001D96DB28310>, estimator=LGBMClassifier(boosting_type='gbdt', class_weight=None, colsample_bytree=1.0,
               importance_type='split', learning_rate=0.1, max_depth=-1,
               min_child_samples=20, min_child_weight=0.001, min_split_gain=0.0,
               n_estimators=100, n_jobs=-1, num_leaves=31, objective=None,
               random_state=123, reg_alpha=0.0, reg_lambda=0.0, subsample=1.0,
               subsample_for_bin=200000, subsample_freq=0), fold=None, fit_kwargs=None, plot_kwargs=None, feature_name=None, groups=None)
2025-12-24 16:20:30,412:INFO:Initializing plot_model()
2025-12-24 16:20:30,412:INFO:plot_model(self=<pycaret.classification.oop.ClassificationExperiment object at 0x000001D96DB28310>, estimator=LGBMClassifier(boosting_type='gbdt', class_weight=None, colsample_bytree=1.0,
               importance_type='split', learning_rate=0.1, max_depth=-1,
               min_child_samples=20, min_child_weight=0.001, min_split_gain=0.0,
               n_estimators=100, n_jobs=-1, num_leaves=31, objective=None,
               random_state=123, reg_alpha=0.0, reg_lambda=0.0, subsample=1.0,
               subsample_for_bin=200000, subsample_freq=0), plot=pipeline, scale=1, save=False, fold=StratifiedKFold(n_splits=10, random_state=None, shuffle=False), fit_kwargs={}, plot_kwargs=None, groups=None, feature_name=None, label=False, verbose=False, system=True, display=None, display_format=None)
2025-12-24 16:20:30,412:INFO:Checking exceptions
2025-12-24 16:20:30,418:INFO:Preloading libraries
2025-12-24 16:20:30,474:INFO:Copying training dataset
2025-12-24 16:20:30,474:INFO:Plot type: pipeline
2025-12-24 16:20:30,649:INFO:Visual Rendered Successfully
2025-12-24 16:20:30,748:INFO:plot_model() successfully completed......................................
2025-12-24 16:20:30,761:INFO:Initializing predict_model()
2025-12-24 16:20:30,761:INFO:predict_model(self=<pycaret.classification.oop.ClassificationExperiment object at 0x000001D96DB28310>, estimator=LGBMClassifier(boosting_type='gbdt', class_weight=None, colsample_bytree=1.0,
               importance_type='split', learning_rate=0.1, max_depth=-1,
               min_child_samples=20, min_child_weight=0.001, min_split_gain=0.0,
               n_estimators=100, n_jobs=-1, num_leaves=31, objective=None,
               random_state=123, reg_alpha=0.0, reg_lambda=0.0, subsample=1.0,
               subsample_for_bin=200000, subsample_freq=0), probability_threshold=None, encoded_labels=False, raw_score=False, round=4, verbose=True, ml_usecase=None, preprocess=True, encode_labels=<function _SupervisedExperiment.predict_model.<locals>.encode_labels at 0x000001D96DCEFC40>)
2025-12-24 16:20:30,761:INFO:Checking exceptions
2025-12-24 16:20:30,761:INFO:Preloading libraries
2025-12-25 12:04:36,454:WARNING:
'cuml' is a soft dependency and not included in the pycaret installation. Please run: `pip install cuml` to install.
2025-12-25 12:04:36,467:WARNING:
'cuml' is a soft dependency and not included in the pycaret installation. Please run: `pip install cuml` to install.
2025-12-25 12:04:36,467:WARNING:
'cuml' is a soft dependency and not included in the pycaret installation. Please run: `pip install cuml` to install.
2025-12-25 12:04:36,467:WARNING:
'cuml' is a soft dependency and not included in the pycaret installation. Please run: `pip install cuml` to install.
2025-12-25 12:04:36,663:INFO:PyCaret ClassificationExperiment
2025-12-25 12:04:36,663:INFO:Logging name: clf-default-name
2025-12-25 12:04:36,663:INFO:ML Usecase: MLUsecase.CLASSIFICATION
2025-12-25 12:04:36,663:INFO:version 3.3.2
2025-12-25 12:04:36,663:INFO:Initializing setup()
2025-12-25 12:04:36,664:INFO:self.USI: d360
2025-12-25 12:04:36,664:INFO:self._variable_keys: {'n_jobs_param', 'fold_shuffle_param', 'exp_name_log', 'target_param', 'X_train', 'idx', 'y_test', 'fold_groups_param', 'logging_param', 'fold_generator', 'html_param', 'y', 'memory', 'exp_id', 'seed', '_available_plots', 'gpu_n_jobs_param', 'X', 'is_multiclass', 'data', 'pipeline', 'fix_imbalance', 'USI', 'X_test', '_ml_usecase', 'y_train', 'gpu_param', 'log_plots_param'}
2025-12-25 12:04:36,664:INFO:Checking environment
2025-12-25 12:04:36,664:INFO:python_version: 3.11.9
2025-12-25 12:04:36,664:INFO:python_build: ('tags/v3.11.9:de54cf5', 'Apr  2 2024 10:12:12')
2025-12-25 12:04:36,664:INFO:machine: AMD64
2025-12-25 12:04:36,664:INFO:platform: Windows-10-10.0.19045-SP0
2025-12-25 12:04:36,667:INFO:Memory: svmem(total=17101795328, available=9228058624, percent=46.0, used=7873736704, free=9228058624)
2025-12-25 12:04:36,667:INFO:Physical Core: 6
2025-12-25 12:04:36,667:INFO:Logical Core: 12
2025-12-25 12:04:36,668:INFO:Checking libraries
2025-12-25 12:04:36,668:INFO:System:
2025-12-25 12:04:36,668:INFO:    python: 3.11.9 (tags/v3.11.9:de54cf5, Apr  2 2024, 10:12:12) [MSC v.1938 64 bit (AMD64)]
2025-12-25 12:04:36,668:INFO:executable: c:\Users\Cristina\AppData\Local\Programs\Python\Python311\python.exe
2025-12-25 12:04:36,668:INFO:   machine: Windows-10-10.0.19045-SP0
2025-12-25 12:04:36,668:INFO:PyCaret required dependencies:
2025-12-25 12:04:36,744:INFO:                 pip: 24.0
2025-12-25 12:04:36,744:INFO:          setuptools: 65.5.0
2025-12-25 12:04:36,744:INFO:             pycaret: 3.3.2
2025-12-25 12:04:36,744:INFO:             IPython: 9.8.0
2025-12-25 12:04:36,744:INFO:          ipywidgets: 8.1.8
2025-12-25 12:04:36,744:INFO:                tqdm: 4.67.1
2025-12-25 12:04:36,744:INFO:               numpy: 1.26.4
2025-12-25 12:04:36,744:INFO:              pandas: 2.1.4
2025-12-25 12:04:36,744:INFO:              jinja2: 3.1.6
2025-12-25 12:04:36,744:INFO:               scipy: 1.11.4
2025-12-25 12:04:36,744:INFO:              joblib: 1.3.2
2025-12-25 12:04:36,744:INFO:             sklearn: 1.4.2
2025-12-25 12:04:36,744:INFO:                pyod: 2.0.6
2025-12-25 12:04:36,744:INFO:            imblearn: 0.12.4
2025-12-25 12:04:36,744:INFO:   category_encoders: 2.7.0
2025-12-25 12:04:36,744:INFO:            lightgbm: 4.6.0
2025-12-25 12:04:36,744:INFO:               numba: 0.63.1
2025-12-25 12:04:36,744:INFO:            requests: 2.32.5
2025-12-25 12:04:36,745:INFO:          matplotlib: 3.10.8
2025-12-25 12:04:36,745:INFO:          scikitplot: 0.3.7
2025-12-25 12:04:36,745:INFO:         yellowbrick: 1.5
2025-12-25 12:04:36,745:INFO:              plotly: 6.5.0
2025-12-25 12:04:36,745:INFO:    plotly-resampler: Not installed
2025-12-25 12:04:36,745:INFO:             kaleido: 1.2.0
2025-12-25 12:04:36,745:INFO:           schemdraw: 0.15
2025-12-25 12:04:36,745:INFO:         statsmodels: 0.14.6
2025-12-25 12:04:36,745:INFO:              sktime: 0.26.0
2025-12-25 12:04:36,745:INFO:               tbats: 1.1.3
2025-12-25 12:04:36,745:INFO:            pmdarima: 2.0.4
2025-12-25 12:04:36,745:INFO:              psutil: 7.1.3
2025-12-25 12:04:36,745:INFO:          markupsafe: 3.0.3
2025-12-25 12:04:36,745:INFO:             pickle5: Not installed
2025-12-25 12:04:36,745:INFO:         cloudpickle: 3.1.2
2025-12-25 12:04:36,745:INFO:         deprecation: 2.1.0
2025-12-25 12:04:36,745:INFO:              xxhash: 3.6.0
2025-12-25 12:04:36,745:INFO:           wurlitzer: Not installed
2025-12-25 12:04:36,745:INFO:PyCaret optional dependencies:
2025-12-25 12:04:36,764:INFO:                shap: Not installed
2025-12-25 12:04:36,764:INFO:           interpret: Not installed
2025-12-25 12:04:36,764:INFO:                umap: Not installed
2025-12-25 12:04:36,764:INFO:     ydata_profiling: Not installed
2025-12-25 12:04:36,764:INFO:  explainerdashboard: Not installed
2025-12-25 12:04:36,764:INFO:             autoviz: Not installed
2025-12-25 12:04:36,764:INFO:           fairlearn: Not installed
2025-12-25 12:04:36,764:INFO:          deepchecks: Not installed
2025-12-25 12:04:36,764:INFO:             xgboost: Not installed
2025-12-25 12:04:36,764:INFO:            catboost: Not installed
2025-12-25 12:04:36,764:INFO:              kmodes: Not installed
2025-12-25 12:04:36,764:INFO:             mlxtend: Not installed
2025-12-25 12:04:36,764:INFO:       statsforecast: Not installed
2025-12-25 12:04:36,764:INFO:        tune_sklearn: Not installed
2025-12-25 12:04:36,764:INFO:                 ray: Not installed
2025-12-25 12:04:36,764:INFO:            hyperopt: Not installed
2025-12-25 12:04:36,765:INFO:              optuna: Not installed
2025-12-25 12:04:36,765:INFO:               skopt: Not installed
2025-12-25 12:04:36,765:INFO:              mlflow: Not installed
2025-12-25 12:04:36,765:INFO:              gradio: Not installed
2025-12-25 12:04:36,765:INFO:             fastapi: Not installed
2025-12-25 12:04:36,765:INFO:             uvicorn: Not installed
2025-12-25 12:04:36,765:INFO:              m2cgen: Not installed
2025-12-25 12:04:36,765:INFO:           evidently: Not installed
2025-12-25 12:04:36,765:INFO:               fugue: Not installed
2025-12-25 12:04:36,765:INFO:           streamlit: Not installed
2025-12-25 12:04:36,765:INFO:             prophet: Not installed
2025-12-25 12:04:36,765:INFO:None
2025-12-25 12:04:36,765:INFO:Set up data.
2025-12-25 12:04:36,776:INFO:Set up folding strategy.
2025-12-25 12:04:36,776:INFO:Set up train/test split.
2025-12-25 12:04:36,789:INFO:Set up index.
2025-12-25 12:04:36,790:INFO:Assigning column types.
2025-12-25 12:04:36,799:INFO:Engine successfully changes for model 'lr' to 'sklearn'.
2025-12-25 12:04:36,853:INFO:Engine for model 'knn' has not been set explicitly, hence returning None.
2025-12-25 12:04:36,854:INFO:Engine for model 'rbfsvm' has not been set explicitly, hence returning None.
2025-12-25 12:04:36,902:WARNING:
'xgboost' is a soft dependency and not included in the pycaret installation. Please run: `pip install xgboost` to install.
Alternately, you can install this by running `pip install pycaret[models]`
2025-12-25 12:04:36,902:WARNING:
'catboost' is a soft dependency and not included in the pycaret installation. Please run: `pip install catboost` to install.
Alternately, you can install this by running `pip install pycaret[models]`
2025-12-25 12:04:36,957:INFO:Engine for model 'knn' has not been set explicitly, hence returning None.
2025-12-25 12:04:36,958:INFO:Engine for model 'rbfsvm' has not been set explicitly, hence returning None.
2025-12-25 12:04:36,992:WARNING:
'xgboost' is a soft dependency and not included in the pycaret installation. Please run: `pip install xgboost` to install.
Alternately, you can install this by running `pip install pycaret[models]`
2025-12-25 12:04:36,992:WARNING:
'catboost' is a soft dependency and not included in the pycaret installation. Please run: `pip install catboost` to install.
Alternately, you can install this by running `pip install pycaret[models]`
2025-12-25 12:04:36,993:INFO:Engine successfully changes for model 'knn' to 'sklearn'.
2025-12-25 12:04:37,051:INFO:Engine for model 'rbfsvm' has not been set explicitly, hence returning None.
2025-12-25 12:04:37,085:WARNING:
'xgboost' is a soft dependency and not included in the pycaret installation. Please run: `pip install xgboost` to install.
Alternately, you can install this by running `pip install pycaret[models]`
2025-12-25 12:04:37,086:WARNING:
'catboost' is a soft dependency and not included in the pycaret installation. Please run: `pip install catboost` to install.
Alternately, you can install this by running `pip install pycaret[models]`
2025-12-25 12:04:37,142:INFO:Engine for model 'rbfsvm' has not been set explicitly, hence returning None.
2025-12-25 12:04:37,176:WARNING:
'xgboost' is a soft dependency and not included in the pycaret installation. Please run: `pip install xgboost` to install.
Alternately, you can install this by running `pip install pycaret[models]`
2025-12-25 12:04:37,177:WARNING:
'catboost' is a soft dependency and not included in the pycaret installation. Please run: `pip install catboost` to install.
Alternately, you can install this by running `pip install pycaret[models]`
2025-12-25 12:04:37,177:INFO:Engine successfully changes for model 'rbfsvm' to 'sklearn'.
2025-12-25 12:04:37,266:WARNING:
'xgboost' is a soft dependency and not included in the pycaret installation. Please run: `pip install xgboost` to install.
Alternately, you can install this by running `pip install pycaret[models]`
2025-12-25 12:04:37,267:WARNING:
'catboost' is a soft dependency and not included in the pycaret installation. Please run: `pip install catboost` to install.
Alternately, you can install this by running `pip install pycaret[models]`
2025-12-25 12:04:37,357:WARNING:
'xgboost' is a soft dependency and not included in the pycaret installation. Please run: `pip install xgboost` to install.
Alternately, you can install this by running `pip install pycaret[models]`
2025-12-25 12:04:37,357:WARNING:
'catboost' is a soft dependency and not included in the pycaret installation. Please run: `pip install catboost` to install.
Alternately, you can install this by running `pip install pycaret[models]`
2025-12-25 12:04:37,359:INFO:Preparing preprocessing pipeline...
2025-12-25 12:04:37,363:INFO:Set up simple imputation.
2025-12-25 12:04:37,363:INFO:Set up feature normalization.
2025-12-25 12:04:37,365:INFO:Set up column name cleaning.
2025-12-25 12:04:37,440:INFO:Finished creating preprocessing pipeline.
2025-12-25 12:04:37,447:INFO:Pipeline: Pipeline(memory=FastMemory(location=C:\Users\Cristina\AppData\Local\Temp\joblib),
         steps=[('numerical_imputer',
                 TransformerWrapper(exclude=None,
                                    include=['Avg Monthly GB Download',
                                             'Avg Monthly Long Distance '
                                             'Charges',
                                             'Churn', 'CLTV', 'Dependents',
                                             'Device Protection Plan',
                                             'Internet Service',
                                             'Monthly Charge', 'Multiple Lines',
                                             'Online Backup', 'Online Security',
                                             'Paperless...
                                                              fill_value=None,
                                                              keep_empty_features=False,
                                                              missing_values=nan,
                                                              strategy='most_frequent'))),
                ('normalize',
                 TransformerWrapper(exclude=None, include=None,
                                    transformer=StandardScaler(copy=True,
                                                               with_mean=True,
                                                               with_std=True))),
                ('clean_column_names',
                 TransformerWrapper(exclude=None, include=None,
                                    transformer=CleanColumnNames(match='[\\]\\[\\,\\{\\}\\"\\:]+')))],
         verbose=False)
2025-12-25 12:04:37,447:INFO:Creating final display dataframe.
2025-12-25 12:04:37,624:INFO:Setup _display_container:                     Description             Value
0                    Session id               123
1                        Target  Streaming Movies
2                   Target type            Binary
3           Original data shape        (7043, 37)
4        Transformed data shape        (7043, 37)
5   Transformed train set shape        (4930, 37)
6    Transformed test set shape        (2113, 37)
7              Numeric features                36
8                    Preprocess              True
9               Imputation type            simple
10           Numeric imputation              mean
11       Categorical imputation              mode
12                    Normalize              True
13             Normalize method            zscore
14               Fold Generator   StratifiedKFold
15                  Fold Number                10
16                     CPU Jobs                -1
17                      Use GPU             False
18               Log Experiment             False
19              Experiment Name  clf-default-name
20                          USI              d360
2025-12-25 12:04:37,719:WARNING:
'xgboost' is a soft dependency and not included in the pycaret installation. Please run: `pip install xgboost` to install.
Alternately, you can install this by running `pip install pycaret[models]`
2025-12-25 12:04:37,719:WARNING:
'catboost' is a soft dependency and not included in the pycaret installation. Please run: `pip install catboost` to install.
Alternately, you can install this by running `pip install pycaret[models]`
2025-12-25 12:04:37,807:WARNING:
'xgboost' is a soft dependency and not included in the pycaret installation. Please run: `pip install xgboost` to install.
Alternately, you can install this by running `pip install pycaret[models]`
2025-12-25 12:04:37,808:WARNING:
'catboost' is a soft dependency and not included in the pycaret installation. Please run: `pip install catboost` to install.
Alternately, you can install this by running `pip install pycaret[models]`
2025-12-25 12:04:37,809:INFO:setup() successfully completed in 1.15s...............
2025-12-25 12:04:37,817:INFO:Initializing compare_models()
2025-12-25 12:04:37,817:INFO:compare_models(self=<pycaret.classification.oop.ClassificationExperiment object at 0x00000129A1898F50>, include=None, exclude=None, fold=5, round=4, cross_validation=True, sort=Accuracy, n_select=1, budget_time=None, turbo=True, errors=ignore, fit_kwargs=None, groups=None, experiment_custom_tags=None, probability_threshold=None, verbose=True, parallel=None, caller_params={'self': <pycaret.classification.oop.ClassificationExperiment object at 0x00000129A1898F50>, 'include': None, 'exclude': None, 'fold': 5, 'round': 4, 'cross_validation': True, 'sort': 'Accuracy', 'n_select': 1, 'budget_time': None, 'turbo': True, 'errors': 'ignore', 'fit_kwargs': None, 'groups': None, 'experiment_custom_tags': None, 'probability_threshold': None, 'engine': None, 'verbose': True, 'parallel': None, '__class__': <class 'pycaret.classification.oop.ClassificationExperiment'>})
2025-12-25 12:04:37,817:INFO:Checking exceptions
2025-12-25 12:04:37,827:INFO:Preparing display monitor
2025-12-25 12:04:37,847:INFO:Initializing Logistic Regression
2025-12-25 12:04:37,847:INFO:Total runtime is 0.0 minutes
2025-12-25 12:04:37,852:INFO:SubProcess create_model() called ==================================
2025-12-25 12:04:37,853:INFO:Initializing create_model()
2025-12-25 12:04:37,853:INFO:create_model(self=<pycaret.classification.oop.ClassificationExperiment object at 0x00000129A1898F50>, estimator=lr, fold=StratifiedKFold(n_splits=5, random_state=None, shuffle=False), round=4, cross_validation=True, predict=True, fit_kwargs={}, groups=None, refit=False, probability_threshold=None, experiment_custom_tags=None, verbose=False, system=False, add_to_model_list=True, metrics=None, display=<pycaret.internal.display.display.CommonDisplay object at 0x00000129952EC550>, model_only=True, return_train_score=False, error_score=0.0, kwargs={})
2025-12-25 12:04:37,853:INFO:Checking exceptions
2025-12-25 12:04:37,853:INFO:Importing libraries
2025-12-25 12:04:37,853:INFO:Copying training dataset
2025-12-25 12:04:37,875:INFO:Defining folds
2025-12-25 12:04:37,875:INFO:Declaring metric variables
2025-12-25 12:04:37,880:INFO:Importing untrained model
2025-12-25 12:04:37,885:INFO:Logistic Regression Imported successfully
2025-12-25 12:04:37,894:INFO:Starting cross validation
2025-12-25 12:04:37,895:INFO:Cross validating with StratifiedKFold(n_splits=5, random_state=None, shuffle=False), n_jobs=-1
2025-12-25 12:04:41,269:INFO:Calculating mean and std
2025-12-25 12:04:41,271:INFO:Creating metrics dataframe
2025-12-25 12:04:41,275:INFO:Uploading results into container
2025-12-25 12:04:41,276:INFO:Uploading model into container now
2025-12-25 12:04:41,277:INFO:_master_model_container: 1
2025-12-25 12:04:41,277:INFO:_display_container: 2
2025-12-25 12:04:41,277:INFO:LogisticRegression(C=1.0, class_weight=None, dual=False, fit_intercept=True,
                   intercept_scaling=1, l1_ratio=None, max_iter=1000,
                   multi_class='auto', n_jobs=None, penalty='l2',
                   random_state=123, solver='lbfgs', tol=0.0001, verbose=0,
                   warm_start=False)
2025-12-25 12:04:41,278:INFO:create_model() successfully completed......................................
2025-12-25 12:04:41,416:INFO:SubProcess create_model() end ==================================
2025-12-25 12:04:41,416:INFO:Creating metrics dataframe
2025-12-25 12:04:41,422:INFO:Initializing K Neighbors Classifier
2025-12-25 12:04:41,422:INFO:Total runtime is 0.059581454594930014 minutes
2025-12-25 12:04:41,425:INFO:SubProcess create_model() called ==================================
2025-12-25 12:04:41,425:INFO:Initializing create_model()
2025-12-25 12:04:41,425:INFO:create_model(self=<pycaret.classification.oop.ClassificationExperiment object at 0x00000129A1898F50>, estimator=knn, fold=StratifiedKFold(n_splits=5, random_state=None, shuffle=False), round=4, cross_validation=True, predict=True, fit_kwargs={}, groups=None, refit=False, probability_threshold=None, experiment_custom_tags=None, verbose=False, system=False, add_to_model_list=True, metrics=None, display=<pycaret.internal.display.display.CommonDisplay object at 0x00000129952EC550>, model_only=True, return_train_score=False, error_score=0.0, kwargs={})
2025-12-25 12:04:41,426:INFO:Checking exceptions
2025-12-25 12:04:41,426:INFO:Importing libraries
2025-12-25 12:04:41,426:INFO:Copying training dataset
2025-12-25 12:04:41,438:INFO:Defining folds
2025-12-25 12:04:41,439:INFO:Declaring metric variables
2025-12-25 12:04:41,441:INFO:Importing untrained model
2025-12-25 12:04:41,445:INFO:K Neighbors Classifier Imported successfully
2025-12-25 12:04:41,450:INFO:Starting cross validation
2025-12-25 12:04:41,451:INFO:Cross validating with StratifiedKFold(n_splits=5, random_state=None, shuffle=False), n_jobs=-1
2025-12-25 12:04:44,278:INFO:Calculating mean and std
2025-12-25 12:04:44,285:INFO:Creating metrics dataframe
2025-12-25 12:04:44,288:INFO:Uploading results into container
2025-12-25 12:04:44,288:INFO:Uploading model into container now
2025-12-25 12:04:44,289:INFO:_master_model_container: 2
2025-12-25 12:04:44,289:INFO:_display_container: 2
2025-12-25 12:04:44,289:INFO:KNeighborsClassifier(algorithm='auto', leaf_size=30, metric='minkowski',
                     metric_params=None, n_jobs=-1, n_neighbors=5, p=2,
                     weights='uniform')
2025-12-25 12:04:44,289:INFO:create_model() successfully completed......................................
2025-12-25 12:04:44,423:INFO:SubProcess create_model() end ==================================
2025-12-25 12:04:44,423:INFO:Creating metrics dataframe
2025-12-25 12:04:44,429:INFO:Initializing Naive Bayes
2025-12-25 12:04:44,429:INFO:Total runtime is 0.10970440705617268 minutes
2025-12-25 12:04:44,432:INFO:SubProcess create_model() called ==================================
2025-12-25 12:04:44,432:INFO:Initializing create_model()
2025-12-25 12:04:44,432:INFO:create_model(self=<pycaret.classification.oop.ClassificationExperiment object at 0x00000129A1898F50>, estimator=nb, fold=StratifiedKFold(n_splits=5, random_state=None, shuffle=False), round=4, cross_validation=True, predict=True, fit_kwargs={}, groups=None, refit=False, probability_threshold=None, experiment_custom_tags=None, verbose=False, system=False, add_to_model_list=True, metrics=None, display=<pycaret.internal.display.display.CommonDisplay object at 0x00000129952EC550>, model_only=True, return_train_score=False, error_score=0.0, kwargs={})
2025-12-25 12:04:44,432:INFO:Checking exceptions
2025-12-25 12:04:44,432:INFO:Importing libraries
2025-12-25 12:04:44,432:INFO:Copying training dataset
2025-12-25 12:04:44,445:INFO:Defining folds
2025-12-25 12:04:44,445:INFO:Declaring metric variables
2025-12-25 12:04:44,448:INFO:Importing untrained model
2025-12-25 12:04:44,451:INFO:Naive Bayes Imported successfully
2025-12-25 12:04:44,457:INFO:Starting cross validation
2025-12-25 12:04:44,459:INFO:Cross validating with StratifiedKFold(n_splits=5, random_state=None, shuffle=False), n_jobs=-1
2025-12-25 12:04:46,771:INFO:Calculating mean and std
2025-12-25 12:04:46,772:INFO:Creating metrics dataframe
2025-12-25 12:04:46,775:INFO:Uploading results into container
2025-12-25 12:04:46,775:INFO:Uploading model into container now
2025-12-25 12:04:46,776:INFO:_master_model_container: 3
2025-12-25 12:04:46,776:INFO:_display_container: 2
2025-12-25 12:04:46,776:INFO:GaussianNB(priors=None, var_smoothing=1e-09)
2025-12-25 12:04:46,776:INFO:create_model() successfully completed......................................
2025-12-25 12:04:46,891:INFO:SubProcess create_model() end ==================================
2025-12-25 12:04:46,892:INFO:Creating metrics dataframe
2025-12-25 12:04:46,898:INFO:Initializing Decision Tree Classifier
2025-12-25 12:04:46,898:INFO:Total runtime is 0.1508486747741699 minutes
2025-12-25 12:04:46,901:INFO:SubProcess create_model() called ==================================
2025-12-25 12:04:46,901:INFO:Initializing create_model()
2025-12-25 12:04:46,901:INFO:create_model(self=<pycaret.classification.oop.ClassificationExperiment object at 0x00000129A1898F50>, estimator=dt, fold=StratifiedKFold(n_splits=5, random_state=None, shuffle=False), round=4, cross_validation=True, predict=True, fit_kwargs={}, groups=None, refit=False, probability_threshold=None, experiment_custom_tags=None, verbose=False, system=False, add_to_model_list=True, metrics=None, display=<pycaret.internal.display.display.CommonDisplay object at 0x00000129952EC550>, model_only=True, return_train_score=False, error_score=0.0, kwargs={})
2025-12-25 12:04:46,901:INFO:Checking exceptions
2025-12-25 12:04:46,901:INFO:Importing libraries
2025-12-25 12:04:46,902:INFO:Copying training dataset
2025-12-25 12:04:46,914:INFO:Defining folds
2025-12-25 12:04:46,914:INFO:Declaring metric variables
2025-12-25 12:04:46,917:INFO:Importing untrained model
2025-12-25 12:04:46,920:INFO:Decision Tree Classifier Imported successfully
2025-12-25 12:04:46,925:INFO:Starting cross validation
2025-12-25 12:04:46,926:INFO:Cross validating with StratifiedKFold(n_splits=5, random_state=None, shuffle=False), n_jobs=-1
2025-12-25 12:04:47,031:INFO:Calculating mean and std
2025-12-25 12:04:47,032:INFO:Creating metrics dataframe
2025-12-25 12:04:47,034:INFO:Uploading results into container
2025-12-25 12:04:47,035:INFO:Uploading model into container now
2025-12-25 12:04:47,035:INFO:_master_model_container: 4
2025-12-25 12:04:47,035:INFO:_display_container: 2
2025-12-25 12:04:47,035:INFO:DecisionTreeClassifier(ccp_alpha=0.0, class_weight=None, criterion='gini',
                       max_depth=None, max_features=None, max_leaf_nodes=None,
                       min_impurity_decrease=0.0, min_samples_leaf=1,
                       min_samples_split=2, min_weight_fraction_leaf=0.0,
                       monotonic_cst=None, random_state=123, splitter='best')
2025-12-25 12:04:47,036:INFO:create_model() successfully completed......................................
2025-12-25 12:04:47,140:INFO:SubProcess create_model() end ==================================
2025-12-25 12:04:47,140:INFO:Creating metrics dataframe
2025-12-25 12:04:47,147:INFO:Initializing SVM - Linear Kernel
2025-12-25 12:04:47,147:INFO:Total runtime is 0.1550021211306254 minutes
2025-12-25 12:04:47,150:INFO:SubProcess create_model() called ==================================
2025-12-25 12:04:47,151:INFO:Initializing create_model()
2025-12-25 12:04:47,151:INFO:create_model(self=<pycaret.classification.oop.ClassificationExperiment object at 0x00000129A1898F50>, estimator=svm, fold=StratifiedKFold(n_splits=5, random_state=None, shuffle=False), round=4, cross_validation=True, predict=True, fit_kwargs={}, groups=None, refit=False, probability_threshold=None, experiment_custom_tags=None, verbose=False, system=False, add_to_model_list=True, metrics=None, display=<pycaret.internal.display.display.CommonDisplay object at 0x00000129952EC550>, model_only=True, return_train_score=False, error_score=0.0, kwargs={})
2025-12-25 12:04:47,151:INFO:Checking exceptions
2025-12-25 12:04:47,152:INFO:Importing libraries
2025-12-25 12:04:47,152:INFO:Copying training dataset
2025-12-25 12:04:47,164:INFO:Defining folds
2025-12-25 12:04:47,164:INFO:Declaring metric variables
2025-12-25 12:04:47,167:INFO:Importing untrained model
2025-12-25 12:04:47,170:INFO:SVM - Linear Kernel Imported successfully
2025-12-25 12:04:47,175:INFO:Starting cross validation
2025-12-25 12:04:47,176:INFO:Cross validating with StratifiedKFold(n_splits=5, random_state=None, shuffle=False), n_jobs=-1
2025-12-25 12:04:47,272:INFO:Calculating mean and std
2025-12-25 12:04:47,273:INFO:Creating metrics dataframe
2025-12-25 12:04:47,275:INFO:Uploading results into container
2025-12-25 12:04:47,275:INFO:Uploading model into container now
2025-12-25 12:04:47,275:INFO:_master_model_container: 5
2025-12-25 12:04:47,276:INFO:_display_container: 2
2025-12-25 12:04:47,276:INFO:SGDClassifier(alpha=0.0001, average=False, class_weight=None,
              early_stopping=False, epsilon=0.1, eta0=0.001, fit_intercept=True,
              l1_ratio=0.15, learning_rate='optimal', loss='hinge',
              max_iter=1000, n_iter_no_change=5, n_jobs=-1, penalty='l2',
              power_t=0.5, random_state=123, shuffle=True, tol=0.001,
              validation_fraction=0.1, verbose=0, warm_start=False)
2025-12-25 12:04:47,276:INFO:create_model() successfully completed......................................
2025-12-25 12:04:47,385:INFO:SubProcess create_model() end ==================================
2025-12-25 12:04:47,385:INFO:Creating metrics dataframe
2025-12-25 12:04:47,392:INFO:Initializing Ridge Classifier
2025-12-25 12:04:47,392:INFO:Total runtime is 0.15908094247182208 minutes
2025-12-25 12:04:47,396:INFO:SubProcess create_model() called ==================================
2025-12-25 12:04:47,396:INFO:Initializing create_model()
2025-12-25 12:04:47,396:INFO:create_model(self=<pycaret.classification.oop.ClassificationExperiment object at 0x00000129A1898F50>, estimator=ridge, fold=StratifiedKFold(n_splits=5, random_state=None, shuffle=False), round=4, cross_validation=True, predict=True, fit_kwargs={}, groups=None, refit=False, probability_threshold=None, experiment_custom_tags=None, verbose=False, system=False, add_to_model_list=True, metrics=None, display=<pycaret.internal.display.display.CommonDisplay object at 0x00000129952EC550>, model_only=True, return_train_score=False, error_score=0.0, kwargs={})
2025-12-25 12:04:47,396:INFO:Checking exceptions
2025-12-25 12:04:47,396:INFO:Importing libraries
2025-12-25 12:04:47,397:INFO:Copying training dataset
2025-12-25 12:04:47,409:INFO:Defining folds
2025-12-25 12:04:47,409:INFO:Declaring metric variables
2025-12-25 12:04:47,411:INFO:Importing untrained model
2025-12-25 12:04:47,414:INFO:Ridge Classifier Imported successfully
2025-12-25 12:04:47,420:INFO:Starting cross validation
2025-12-25 12:04:47,421:INFO:Cross validating with StratifiedKFold(n_splits=5, random_state=None, shuffle=False), n_jobs=-1
2025-12-25 12:04:47,503:INFO:Calculating mean and std
2025-12-25 12:04:47,503:INFO:Creating metrics dataframe
2025-12-25 12:04:47,505:INFO:Uploading results into container
2025-12-25 12:04:47,505:INFO:Uploading model into container now
2025-12-25 12:04:47,505:INFO:_master_model_container: 6
2025-12-25 12:04:47,506:INFO:_display_container: 2
2025-12-25 12:04:47,506:INFO:RidgeClassifier(alpha=1.0, class_weight=None, copy_X=True, fit_intercept=True,
                max_iter=None, positive=False, random_state=123, solver='auto',
                tol=0.0001)
2025-12-25 12:04:47,506:INFO:create_model() successfully completed......................................
2025-12-25 12:04:47,608:INFO:SubProcess create_model() end ==================================
2025-12-25 12:04:47,608:INFO:Creating metrics dataframe
2025-12-25 12:04:47,615:INFO:Initializing Random Forest Classifier
2025-12-25 12:04:47,615:INFO:Total runtime is 0.16280232270558673 minutes
2025-12-25 12:04:47,619:INFO:SubProcess create_model() called ==================================
2025-12-25 12:04:47,619:INFO:Initializing create_model()
2025-12-25 12:04:47,619:INFO:create_model(self=<pycaret.classification.oop.ClassificationExperiment object at 0x00000129A1898F50>, estimator=rf, fold=StratifiedKFold(n_splits=5, random_state=None, shuffle=False), round=4, cross_validation=True, predict=True, fit_kwargs={}, groups=None, refit=False, probability_threshold=None, experiment_custom_tags=None, verbose=False, system=False, add_to_model_list=True, metrics=None, display=<pycaret.internal.display.display.CommonDisplay object at 0x00000129952EC550>, model_only=True, return_train_score=False, error_score=0.0, kwargs={})
2025-12-25 12:04:47,620:INFO:Checking exceptions
2025-12-25 12:04:47,620:INFO:Importing libraries
2025-12-25 12:04:47,620:INFO:Copying training dataset
2025-12-25 12:04:47,632:INFO:Defining folds
2025-12-25 12:04:47,632:INFO:Declaring metric variables
2025-12-25 12:04:47,635:INFO:Importing untrained model
2025-12-25 12:04:47,638:INFO:Random Forest Classifier Imported successfully
2025-12-25 12:04:47,642:INFO:Starting cross validation
2025-12-25 12:04:47,643:INFO:Cross validating with StratifiedKFold(n_splits=5, random_state=None, shuffle=False), n_jobs=-1
2025-12-25 12:04:48,113:INFO:Calculating mean and std
2025-12-25 12:04:48,114:INFO:Creating metrics dataframe
2025-12-25 12:04:48,116:INFO:Uploading results into container
2025-12-25 12:04:48,116:INFO:Uploading model into container now
2025-12-25 12:04:48,116:INFO:_master_model_container: 7
2025-12-25 12:04:48,116:INFO:_display_container: 2
2025-12-25 12:04:48,117:INFO:RandomForestClassifier(bootstrap=True, ccp_alpha=0.0, class_weight=None,
                       criterion='gini', max_depth=None, max_features='sqrt',
                       max_leaf_nodes=None, max_samples=None,
                       min_impurity_decrease=0.0, min_samples_leaf=1,
                       min_samples_split=2, min_weight_fraction_leaf=0.0,
                       monotonic_cst=None, n_estimators=100, n_jobs=-1,
                       oob_score=False, random_state=123, verbose=0,
                       warm_start=False)
2025-12-25 12:04:48,117:INFO:create_model() successfully completed......................................
2025-12-25 12:04:48,222:INFO:SubProcess create_model() end ==================================
2025-12-25 12:04:48,222:INFO:Creating metrics dataframe
2025-12-25 12:04:48,229:INFO:Initializing Quadratic Discriminant Analysis
2025-12-25 12:04:48,229:INFO:Total runtime is 0.17303477923075355 minutes
2025-12-25 12:04:48,232:INFO:SubProcess create_model() called ==================================
2025-12-25 12:04:48,232:INFO:Initializing create_model()
2025-12-25 12:04:48,232:INFO:create_model(self=<pycaret.classification.oop.ClassificationExperiment object at 0x00000129A1898F50>, estimator=qda, fold=StratifiedKFold(n_splits=5, random_state=None, shuffle=False), round=4, cross_validation=True, predict=True, fit_kwargs={}, groups=None, refit=False, probability_threshold=None, experiment_custom_tags=None, verbose=False, system=False, add_to_model_list=True, metrics=None, display=<pycaret.internal.display.display.CommonDisplay object at 0x00000129952EC550>, model_only=True, return_train_score=False, error_score=0.0, kwargs={})
2025-12-25 12:04:48,232:INFO:Checking exceptions
2025-12-25 12:04:48,232:INFO:Importing libraries
2025-12-25 12:04:48,233:INFO:Copying training dataset
2025-12-25 12:04:48,245:INFO:Defining folds
2025-12-25 12:04:48,245:INFO:Declaring metric variables
2025-12-25 12:04:48,248:INFO:Importing untrained model
2025-12-25 12:04:48,252:INFO:Quadratic Discriminant Analysis Imported successfully
2025-12-25 12:04:48,257:INFO:Starting cross validation
2025-12-25 12:04:48,258:INFO:Cross validating with StratifiedKFold(n_splits=5, random_state=None, shuffle=False), n_jobs=-1
2025-12-25 12:04:48,323:WARNING:c:\Users\Cristina\AppData\Local\Programs\Python\Python311\Lib\site-packages\sklearn\discriminant_analysis.py:935: UserWarning: Variables are collinear
  warnings.warn("Variables are collinear")

2025-12-25 12:04:48,361:INFO:Calculating mean and std
2025-12-25 12:04:48,362:INFO:Creating metrics dataframe
2025-12-25 12:04:48,364:INFO:Uploading results into container
2025-12-25 12:04:48,364:INFO:Uploading model into container now
2025-12-25 12:04:48,364:INFO:_master_model_container: 8
2025-12-25 12:04:48,365:INFO:_display_container: 2
2025-12-25 12:04:48,365:INFO:QuadraticDiscriminantAnalysis(priors=None, reg_param=0.0,
                              store_covariance=False, tol=0.0001)
2025-12-25 12:04:48,365:INFO:create_model() successfully completed......................................
2025-12-25 12:04:48,469:INFO:SubProcess create_model() end ==================================
2025-12-25 12:04:48,469:INFO:Creating metrics dataframe
2025-12-25 12:04:48,476:INFO:Initializing Ada Boost Classifier
2025-12-25 12:04:48,477:INFO:Total runtime is 0.17716676394144693 minutes
2025-12-25 12:04:48,479:INFO:SubProcess create_model() called ==================================
2025-12-25 12:04:48,480:INFO:Initializing create_model()
2025-12-25 12:04:48,480:INFO:create_model(self=<pycaret.classification.oop.ClassificationExperiment object at 0x00000129A1898F50>, estimator=ada, fold=StratifiedKFold(n_splits=5, random_state=None, shuffle=False), round=4, cross_validation=True, predict=True, fit_kwargs={}, groups=None, refit=False, probability_threshold=None, experiment_custom_tags=None, verbose=False, system=False, add_to_model_list=True, metrics=None, display=<pycaret.internal.display.display.CommonDisplay object at 0x00000129952EC550>, model_only=True, return_train_score=False, error_score=0.0, kwargs={})
2025-12-25 12:04:48,480:INFO:Checking exceptions
2025-12-25 12:04:48,480:INFO:Importing libraries
2025-12-25 12:04:48,480:INFO:Copying training dataset
2025-12-25 12:04:48,492:INFO:Defining folds
2025-12-25 12:04:48,492:INFO:Declaring metric variables
2025-12-25 12:04:48,495:INFO:Importing untrained model
2025-12-25 12:04:48,499:INFO:Ada Boost Classifier Imported successfully
2025-12-25 12:04:48,504:INFO:Starting cross validation
2025-12-25 12:04:48,505:INFO:Cross validating with StratifiedKFold(n_splits=5, random_state=None, shuffle=False), n_jobs=-1
2025-12-25 12:04:48,559:WARNING:c:\Users\Cristina\AppData\Local\Programs\Python\Python311\Lib\site-packages\sklearn\ensemble\_weight_boosting.py:519: FutureWarning: The SAMME.R algorithm (the default) is deprecated and will be removed in 1.6. Use the SAMME algorithm to circumvent this warning.
  warnings.warn(

2025-12-25 12:04:48,939:INFO:Calculating mean and std
2025-12-25 12:04:48,940:INFO:Creating metrics dataframe
2025-12-25 12:04:48,942:INFO:Uploading results into container
2025-12-25 12:04:48,942:INFO:Uploading model into container now
2025-12-25 12:04:48,943:INFO:_master_model_container: 9
2025-12-25 12:04:48,943:INFO:_display_container: 2
2025-12-25 12:04:48,943:INFO:AdaBoostClassifier(algorithm='SAMME.R', estimator=None, learning_rate=1.0,
                   n_estimators=50, random_state=123)
2025-12-25 12:04:48,943:INFO:create_model() successfully completed......................................
2025-12-25 12:04:49,058:INFO:SubProcess create_model() end ==================================
2025-12-25 12:04:49,058:INFO:Creating metrics dataframe
2025-12-25 12:04:49,066:INFO:Initializing Gradient Boosting Classifier
2025-12-25 12:04:49,066:INFO:Total runtime is 0.18698211908340454 minutes
2025-12-25 12:04:49,070:INFO:SubProcess create_model() called ==================================
2025-12-25 12:04:49,070:INFO:Initializing create_model()
2025-12-25 12:04:49,071:INFO:create_model(self=<pycaret.classification.oop.ClassificationExperiment object at 0x00000129A1898F50>, estimator=gbc, fold=StratifiedKFold(n_splits=5, random_state=None, shuffle=False), round=4, cross_validation=True, predict=True, fit_kwargs={}, groups=None, refit=False, probability_threshold=None, experiment_custom_tags=None, verbose=False, system=False, add_to_model_list=True, metrics=None, display=<pycaret.internal.display.display.CommonDisplay object at 0x00000129952EC550>, model_only=True, return_train_score=False, error_score=0.0, kwargs={})
2025-12-25 12:04:49,071:INFO:Checking exceptions
2025-12-25 12:04:49,071:INFO:Importing libraries
2025-12-25 12:04:49,071:INFO:Copying training dataset
2025-12-25 12:04:49,084:INFO:Defining folds
2025-12-25 12:04:49,084:INFO:Declaring metric variables
2025-12-25 12:04:49,087:INFO:Importing untrained model
2025-12-25 12:04:49,091:INFO:Gradient Boosting Classifier Imported successfully
2025-12-25 12:04:49,096:INFO:Starting cross validation
2025-12-25 12:04:49,097:INFO:Cross validating with StratifiedKFold(n_splits=5, random_state=None, shuffle=False), n_jobs=-1
2025-12-25 12:04:50,454:INFO:Calculating mean and std
2025-12-25 12:04:50,455:INFO:Creating metrics dataframe
2025-12-25 12:04:50,457:INFO:Uploading results into container
2025-12-25 12:04:50,457:INFO:Uploading model into container now
2025-12-25 12:04:50,457:INFO:_master_model_container: 10
2025-12-25 12:04:50,457:INFO:_display_container: 2
2025-12-25 12:04:50,458:INFO:GradientBoostingClassifier(ccp_alpha=0.0, criterion='friedman_mse', init=None,
                           learning_rate=0.1, loss='log_loss', max_depth=3,
                           max_features=None, max_leaf_nodes=None,
                           min_impurity_decrease=0.0, min_samples_leaf=1,
                           min_samples_split=2, min_weight_fraction_leaf=0.0,
                           n_estimators=100, n_iter_no_change=None,
                           random_state=123, subsample=1.0, tol=0.0001,
                           validation_fraction=0.1, verbose=0,
                           warm_start=False)
2025-12-25 12:04:50,458:INFO:create_model() successfully completed......................................
2025-12-25 12:04:50,568:INFO:SubProcess create_model() end ==================================
2025-12-25 12:04:50,568:INFO:Creating metrics dataframe
2025-12-25 12:04:50,579:INFO:Initializing Linear Discriminant Analysis
2025-12-25 12:04:50,579:INFO:Total runtime is 0.21219830513000487 minutes
2025-12-25 12:04:50,583:INFO:SubProcess create_model() called ==================================
2025-12-25 12:04:50,583:INFO:Initializing create_model()
2025-12-25 12:04:50,583:INFO:create_model(self=<pycaret.classification.oop.ClassificationExperiment object at 0x00000129A1898F50>, estimator=lda, fold=StratifiedKFold(n_splits=5, random_state=None, shuffle=False), round=4, cross_validation=True, predict=True, fit_kwargs={}, groups=None, refit=False, probability_threshold=None, experiment_custom_tags=None, verbose=False, system=False, add_to_model_list=True, metrics=None, display=<pycaret.internal.display.display.CommonDisplay object at 0x00000129952EC550>, model_only=True, return_train_score=False, error_score=0.0, kwargs={})
2025-12-25 12:04:50,583:INFO:Checking exceptions
2025-12-25 12:04:50,584:INFO:Importing libraries
2025-12-25 12:04:50,584:INFO:Copying training dataset
2025-12-25 12:04:50,598:INFO:Defining folds
2025-12-25 12:04:50,598:INFO:Declaring metric variables
2025-12-25 12:04:50,601:INFO:Importing untrained model
2025-12-25 12:04:50,603:INFO:Linear Discriminant Analysis Imported successfully
2025-12-25 12:04:50,609:INFO:Starting cross validation
2025-12-25 12:04:50,610:INFO:Cross validating with StratifiedKFold(n_splits=5, random_state=None, shuffle=False), n_jobs=-1
2025-12-25 12:04:50,694:INFO:Calculating mean and std
2025-12-25 12:04:50,694:INFO:Creating metrics dataframe
2025-12-25 12:04:50,696:INFO:Uploading results into container
2025-12-25 12:04:50,696:INFO:Uploading model into container now
2025-12-25 12:04:50,696:INFO:_master_model_container: 11
2025-12-25 12:04:50,696:INFO:_display_container: 2
2025-12-25 12:04:50,697:INFO:LinearDiscriminantAnalysis(covariance_estimator=None, n_components=None,
                           priors=None, shrinkage=None, solver='svd',
                           store_covariance=False, tol=0.0001)
2025-12-25 12:04:50,697:INFO:create_model() successfully completed......................................
2025-12-25 12:04:50,802:INFO:SubProcess create_model() end ==================================
2025-12-25 12:04:50,802:INFO:Creating metrics dataframe
2025-12-25 12:04:50,811:INFO:Initializing Extra Trees Classifier
2025-12-25 12:04:50,811:INFO:Total runtime is 0.21605592966079712 minutes
2025-12-25 12:04:50,813:INFO:SubProcess create_model() called ==================================
2025-12-25 12:04:50,814:INFO:Initializing create_model()
2025-12-25 12:04:50,814:INFO:create_model(self=<pycaret.classification.oop.ClassificationExperiment object at 0x00000129A1898F50>, estimator=et, fold=StratifiedKFold(n_splits=5, random_state=None, shuffle=False), round=4, cross_validation=True, predict=True, fit_kwargs={}, groups=None, refit=False, probability_threshold=None, experiment_custom_tags=None, verbose=False, system=False, add_to_model_list=True, metrics=None, display=<pycaret.internal.display.display.CommonDisplay object at 0x00000129952EC550>, model_only=True, return_train_score=False, error_score=0.0, kwargs={})
2025-12-25 12:04:50,814:INFO:Checking exceptions
2025-12-25 12:04:50,814:INFO:Importing libraries
2025-12-25 12:04:50,814:INFO:Copying training dataset
2025-12-25 12:04:50,826:INFO:Defining folds
2025-12-25 12:04:50,826:INFO:Declaring metric variables
2025-12-25 12:04:50,829:INFO:Importing untrained model
2025-12-25 12:04:50,832:INFO:Extra Trees Classifier Imported successfully
2025-12-25 12:04:50,837:INFO:Starting cross validation
2025-12-25 12:04:50,838:INFO:Cross validating with StratifiedKFold(n_splits=5, random_state=None, shuffle=False), n_jobs=-1
2025-12-25 12:04:51,200:INFO:Calculating mean and std
2025-12-25 12:04:51,201:INFO:Creating metrics dataframe
2025-12-25 12:04:51,203:INFO:Uploading results into container
2025-12-25 12:04:51,204:INFO:Uploading model into container now
2025-12-25 12:04:51,204:INFO:_master_model_container: 12
2025-12-25 12:04:51,204:INFO:_display_container: 2
2025-12-25 12:04:51,205:INFO:ExtraTreesClassifier(bootstrap=False, ccp_alpha=0.0, class_weight=None,
                     criterion='gini', max_depth=None, max_features='sqrt',
                     max_leaf_nodes=None, max_samples=None,
                     min_impurity_decrease=0.0, min_samples_leaf=1,
                     min_samples_split=2, min_weight_fraction_leaf=0.0,
                     monotonic_cst=None, n_estimators=100, n_jobs=-1,
                     oob_score=False, random_state=123, verbose=0,
                     warm_start=False)
2025-12-25 12:04:51,205:INFO:create_model() successfully completed......................................
2025-12-25 12:04:51,311:INFO:SubProcess create_model() end ==================================
2025-12-25 12:04:51,311:INFO:Creating metrics dataframe
2025-12-25 12:04:51,320:INFO:Initializing Light Gradient Boosting Machine
2025-12-25 12:04:51,320:INFO:Total runtime is 0.22454190254211426 minutes
2025-12-25 12:04:51,324:INFO:SubProcess create_model() called ==================================
2025-12-25 12:04:51,324:INFO:Initializing create_model()
2025-12-25 12:04:51,324:INFO:create_model(self=<pycaret.classification.oop.ClassificationExperiment object at 0x00000129A1898F50>, estimator=lightgbm, fold=StratifiedKFold(n_splits=5, random_state=None, shuffle=False), round=4, cross_validation=True, predict=True, fit_kwargs={}, groups=None, refit=False, probability_threshold=None, experiment_custom_tags=None, verbose=False, system=False, add_to_model_list=True, metrics=None, display=<pycaret.internal.display.display.CommonDisplay object at 0x00000129952EC550>, model_only=True, return_train_score=False, error_score=0.0, kwargs={})
2025-12-25 12:04:51,324:INFO:Checking exceptions
2025-12-25 12:04:51,324:INFO:Importing libraries
2025-12-25 12:04:51,324:INFO:Copying training dataset
2025-12-25 12:04:51,337:INFO:Defining folds
2025-12-25 12:04:51,337:INFO:Declaring metric variables
2025-12-25 12:04:51,340:INFO:Importing untrained model
2025-12-25 12:04:51,343:INFO:Light Gradient Boosting Machine Imported successfully
2025-12-25 12:04:51,348:INFO:Starting cross validation
2025-12-25 12:04:51,349:INFO:Cross validating with StratifiedKFold(n_splits=5, random_state=None, shuffle=False), n_jobs=-1
2025-12-25 12:04:51,883:INFO:Calculating mean and std
2025-12-25 12:04:51,884:INFO:Creating metrics dataframe
2025-12-25 12:04:51,887:INFO:Uploading results into container
2025-12-25 12:04:51,887:INFO:Uploading model into container now
2025-12-25 12:04:51,888:INFO:_master_model_container: 13
2025-12-25 12:04:51,888:INFO:_display_container: 2
2025-12-25 12:04:51,889:INFO:LGBMClassifier(boosting_type='gbdt', class_weight=None, colsample_bytree=1.0,
               importance_type='split', learning_rate=0.1, max_depth=-1,
               min_child_samples=20, min_child_weight=0.001, min_split_gain=0.0,
               n_estimators=100, n_jobs=-1, num_leaves=31, objective=None,
               random_state=123, reg_alpha=0.0, reg_lambda=0.0, subsample=1.0,
               subsample_for_bin=200000, subsample_freq=0)
2025-12-25 12:04:51,889:INFO:create_model() successfully completed......................................
2025-12-25 12:04:52,014:INFO:SubProcess create_model() end ==================================
2025-12-25 12:04:52,014:INFO:Creating metrics dataframe
2025-12-25 12:04:52,023:INFO:Initializing Dummy Classifier
2025-12-25 12:04:52,024:INFO:Total runtime is 0.23628334999084472 minutes
2025-12-25 12:04:52,026:INFO:SubProcess create_model() called ==================================
2025-12-25 12:04:52,026:INFO:Initializing create_model()
2025-12-25 12:04:52,027:INFO:create_model(self=<pycaret.classification.oop.ClassificationExperiment object at 0x00000129A1898F50>, estimator=dummy, fold=StratifiedKFold(n_splits=5, random_state=None, shuffle=False), round=4, cross_validation=True, predict=True, fit_kwargs={}, groups=None, refit=False, probability_threshold=None, experiment_custom_tags=None, verbose=False, system=False, add_to_model_list=True, metrics=None, display=<pycaret.internal.display.display.CommonDisplay object at 0x00000129952EC550>, model_only=True, return_train_score=False, error_score=0.0, kwargs={})
2025-12-25 12:04:52,027:INFO:Checking exceptions
2025-12-25 12:04:52,027:INFO:Importing libraries
2025-12-25 12:04:52,027:INFO:Copying training dataset
2025-12-25 12:04:52,039:INFO:Defining folds
2025-12-25 12:04:52,039:INFO:Declaring metric variables
2025-12-25 12:04:52,042:INFO:Importing untrained model
2025-12-25 12:04:52,046:INFO:Dummy Classifier Imported successfully
2025-12-25 12:04:52,052:INFO:Starting cross validation
2025-12-25 12:04:52,053:INFO:Cross validating with StratifiedKFold(n_splits=5, random_state=None, shuffle=False), n_jobs=-1
2025-12-25 12:04:52,117:WARNING:c:\Users\Cristina\AppData\Local\Programs\Python\Python311\Lib\site-packages\sklearn\metrics\_classification.py:1509: UndefinedMetricWarning: Precision is ill-defined and being set to 0.0 due to no predicted samples. Use `zero_division` parameter to control this behavior.
  _warn_prf(average, modifier, f"{metric.capitalize()} is", len(result))

2025-12-25 12:04:52,117:WARNING:c:\Users\Cristina\AppData\Local\Programs\Python\Python311\Lib\site-packages\sklearn\metrics\_classification.py:1509: UndefinedMetricWarning: Precision is ill-defined and being set to 0.0 due to no predicted samples. Use `zero_division` parameter to control this behavior.
  _warn_prf(average, modifier, f"{metric.capitalize()} is", len(result))

2025-12-25 12:04:52,117:WARNING:c:\Users\Cristina\AppData\Local\Programs\Python\Python311\Lib\site-packages\sklearn\metrics\_classification.py:1509: UndefinedMetricWarning: Precision is ill-defined and being set to 0.0 due to no predicted samples. Use `zero_division` parameter to control this behavior.
  _warn_prf(average, modifier, f"{metric.capitalize()} is", len(result))

2025-12-25 12:04:52,118:WARNING:c:\Users\Cristina\AppData\Local\Programs\Python\Python311\Lib\site-packages\sklearn\metrics\_classification.py:1509: UndefinedMetricWarning: Precision is ill-defined and being set to 0.0 due to no predicted samples. Use `zero_division` parameter to control this behavior.
  _warn_prf(average, modifier, f"{metric.capitalize()} is", len(result))

2025-12-25 12:04:52,125:INFO:Calculating mean and std
2025-12-25 12:04:52,125:INFO:Creating metrics dataframe
2025-12-25 12:04:52,127:INFO:Uploading results into container
2025-12-25 12:04:52,127:INFO:Uploading model into container now
2025-12-25 12:04:52,127:INFO:_master_model_container: 14
2025-12-25 12:04:52,128:INFO:_display_container: 2
2025-12-25 12:04:52,128:INFO:DummyClassifier(constant=None, random_state=123, strategy='prior')
2025-12-25 12:04:52,128:INFO:create_model() successfully completed......................................
2025-12-25 12:04:52,232:INFO:SubProcess create_model() end ==================================
2025-12-25 12:04:52,232:INFO:Creating metrics dataframe
2025-12-25 12:04:52,243:WARNING:c:\Users\Cristina\AppData\Local\Programs\Python\Python311\Lib\site-packages\pycaret\internal\pycaret_experiment\supervised_experiment.py:339: FutureWarning: Styler.applymap has been deprecated. Use Styler.map instead.
  .applymap(highlight_cols, subset=["TT (Sec)"])

2025-12-25 12:04:52,251:INFO:Initializing create_model()
2025-12-25 12:04:52,251:INFO:create_model(self=<pycaret.classification.oop.ClassificationExperiment object at 0x00000129A1898F50>, estimator=LGBMClassifier(boosting_type='gbdt', class_weight=None, colsample_bytree=1.0,
               importance_type='split', learning_rate=0.1, max_depth=-1,
               min_child_samples=20, min_child_weight=0.001, min_split_gain=0.0,
               n_estimators=100, n_jobs=-1, num_leaves=31, objective=None,
               random_state=123, reg_alpha=0.0, reg_lambda=0.0, subsample=1.0,
               subsample_for_bin=200000, subsample_freq=0), fold=StratifiedKFold(n_splits=5, random_state=None, shuffle=False), round=4, cross_validation=False, predict=False, fit_kwargs={}, groups=None, refit=True, probability_threshold=None, experiment_custom_tags=None, verbose=False, system=False, add_to_model_list=True, metrics=None, display=None, model_only=True, return_train_score=False, error_score=0.0, kwargs={})
2025-12-25 12:04:52,251:INFO:Checking exceptions
2025-12-25 12:04:52,252:INFO:Importing libraries
2025-12-25 12:04:52,253:INFO:Copying training dataset
2025-12-25 12:04:52,265:INFO:Defining folds
2025-12-25 12:04:52,265:INFO:Declaring metric variables
2025-12-25 12:04:52,265:INFO:Importing untrained model
2025-12-25 12:04:52,265:INFO:Declaring custom model
2025-12-25 12:04:52,266:INFO:Light Gradient Boosting Machine Imported successfully
2025-12-25 12:04:52,268:INFO:Cross validation set to False
2025-12-25 12:04:52,268:INFO:Fitting Model
2025-12-25 12:04:52,296:INFO:[LightGBM] [Warning] Found whitespace in feature_names, replace with underlines
2025-12-25 12:04:52,296:INFO:[LightGBM] [Info] Number of positive: 1912, number of negative: 3018
2025-12-25 12:04:52,298:INFO:[LightGBM] [Info] Auto-choosing row-wise multi-threading, the overhead of testing was 0.000568 seconds.
2025-12-25 12:04:52,299:INFO:You can set `force_row_wise=true` to remove the overhead.
2025-12-25 12:04:52,299:INFO:And if memory is not enough, you can set `force_col_wise=true`.
2025-12-25 12:04:52,299:INFO:[LightGBM] [Info] Total Bins 1737
2025-12-25 12:04:52,299:INFO:[LightGBM] [Info] Number of data points in the train set: 4930, number of used features: 35
2025-12-25 12:04:52,300:INFO:[LightGBM] [Info] [binary:BoostFromScore]: pavg=0.387830 -> initscore=-0.456445
2025-12-25 12:04:52,300:INFO:[LightGBM] [Info] Start training from score -0.456445
2025-12-25 12:04:52,429:INFO:LGBMClassifier(boosting_type='gbdt', class_weight=None, colsample_bytree=1.0,
               importance_type='split', learning_rate=0.1, max_depth=-1,
               min_child_samples=20, min_child_weight=0.001, min_split_gain=0.0,
               n_estimators=100, n_jobs=-1, num_leaves=31, objective=None,
               random_state=123, reg_alpha=0.0, reg_lambda=0.0, subsample=1.0,
               subsample_for_bin=200000, subsample_freq=0)
2025-12-25 12:04:52,430:INFO:create_model() successfully completed......................................
2025-12-25 12:04:52,576:INFO:_master_model_container: 14
2025-12-25 12:04:52,576:INFO:_display_container: 2
2025-12-25 12:04:52,577:INFO:LGBMClassifier(boosting_type='gbdt', class_weight=None, colsample_bytree=1.0,
               importance_type='split', learning_rate=0.1, max_depth=-1,
               min_child_samples=20, min_child_weight=0.001, min_split_gain=0.0,
               n_estimators=100, n_jobs=-1, num_leaves=31, objective=None,
               random_state=123, reg_alpha=0.0, reg_lambda=0.0, subsample=1.0,
               subsample_for_bin=200000, subsample_freq=0)
2025-12-25 12:04:52,577:INFO:compare_models() successfully completed......................................
2025-12-25 12:04:52,591:INFO:Initializing tune_model()
2025-12-25 12:04:52,591:INFO:tune_model(self=<pycaret.classification.oop.ClassificationExperiment object at 0x00000129A1898F50>, estimator=LGBMClassifier(boosting_type='gbdt', class_weight=None, colsample_bytree=1.0,
               importance_type='split', learning_rate=0.1, max_depth=-1,
               min_child_samples=20, min_child_weight=0.001, min_split_gain=0.0,
               n_estimators=100, n_jobs=-1, num_leaves=31, objective=None,
               random_state=123, reg_alpha=0.0, reg_lambda=0.0, subsample=1.0,
               subsample_for_bin=200000, subsample_freq=0), fold=5, round=4, n_iter=10, custom_grid=None, optimize=Accuracy, custom_scorer=None, search_library=scikit-learn, search_algorithm=None, early_stopping=False, early_stopping_max_iters=10, choose_better=True, fit_kwargs=None, groups=None, return_tuner=False, verbose=True, tuner_verbose=True, return_train_score=False, kwargs={})
2025-12-25 12:04:52,591:INFO:Checking exceptions
2025-12-25 12:04:52,608:INFO:Copying training dataset
2025-12-25 12:04:52,618:INFO:Checking base model
2025-12-25 12:04:52,619:INFO:Base model : Light Gradient Boosting Machine
2025-12-25 12:04:52,622:INFO:Declaring metric variables
2025-12-25 12:04:52,626:INFO:Defining Hyperparameters
2025-12-25 12:04:52,762:INFO:Tuning with n_jobs=-1
2025-12-25 12:04:52,762:INFO:Initializing RandomizedSearchCV
2025-12-25 12:04:55,501:INFO:best_params: {'actual_estimator__reg_lambda': 0.1, 'actual_estimator__reg_alpha': 0.0001, 'actual_estimator__num_leaves': 10, 'actual_estimator__n_estimators': 180, 'actual_estimator__min_split_gain': 0.7, 'actual_estimator__min_child_samples': 96, 'actual_estimator__learning_rate': 0.05, 'actual_estimator__feature_fraction': 0.9, 'actual_estimator__bagging_freq': 4, 'actual_estimator__bagging_fraction': 0.6}
2025-12-25 12:04:55,502:INFO:Hyperparameter search completed
2025-12-25 12:04:55,502:INFO:SubProcess create_model() called ==================================
2025-12-25 12:04:55,503:INFO:Initializing create_model()
2025-12-25 12:04:55,503:INFO:create_model(self=<pycaret.classification.oop.ClassificationExperiment object at 0x00000129A1898F50>, estimator=LGBMClassifier(boosting_type='gbdt', class_weight=None, colsample_bytree=1.0,
               importance_type='split', learning_rate=0.1, max_depth=-1,
               min_child_samples=20, min_child_weight=0.001, min_split_gain=0.0,
               n_estimators=100, n_jobs=-1, num_leaves=31, objective=None,
               random_state=123, reg_alpha=0.0, reg_lambda=0.0, subsample=1.0,
               subsample_for_bin=200000, subsample_freq=0), fold=StratifiedKFold(n_splits=5, random_state=None, shuffle=False), round=4, cross_validation=True, predict=True, fit_kwargs={}, groups=None, refit=True, probability_threshold=None, experiment_custom_tags=None, verbose=True, system=False, add_to_model_list=True, metrics=None, display=<pycaret.internal.display.display.CommonDisplay object at 0x00000129A1AE0350>, model_only=True, return_train_score=False, error_score=0.0, kwargs={'reg_lambda': 0.1, 'reg_alpha': 0.0001, 'num_leaves': 10, 'n_estimators': 180, 'min_split_gain': 0.7, 'min_child_samples': 96, 'learning_rate': 0.05, 'feature_fraction': 0.9, 'bagging_freq': 4, 'bagging_fraction': 0.6})
2025-12-25 12:04:55,504:INFO:Checking exceptions
2025-12-25 12:04:55,504:INFO:Importing libraries
2025-12-25 12:04:55,504:INFO:Copying training dataset
2025-12-25 12:04:55,521:INFO:Defining folds
2025-12-25 12:04:55,521:INFO:Declaring metric variables
2025-12-25 12:04:55,525:INFO:Importing untrained model
2025-12-25 12:04:55,525:INFO:Declaring custom model
2025-12-25 12:04:55,530:INFO:Light Gradient Boosting Machine Imported successfully
2025-12-25 12:04:55,538:INFO:Starting cross validation
2025-12-25 12:04:55,539:INFO:Cross validating with StratifiedKFold(n_splits=5, random_state=None, shuffle=False), n_jobs=-1
2025-12-25 12:04:56,006:INFO:Calculating mean and std
2025-12-25 12:04:56,007:INFO:Creating metrics dataframe
2025-12-25 12:04:56,013:INFO:Finalizing model
2025-12-25 12:04:56,043:INFO:[LightGBM] [Warning] feature_fraction is set=0.9, colsample_bytree=1.0 will be ignored. Current value: feature_fraction=0.9
2025-12-25 12:04:56,044:INFO:[LightGBM] [Warning] bagging_fraction is set=0.6, subsample=1.0 will be ignored. Current value: bagging_fraction=0.6
2025-12-25 12:04:56,044:INFO:[LightGBM] [Warning] bagging_freq is set=4, subsample_freq=0 will be ignored. Current value: bagging_freq=4
2025-12-25 12:04:56,052:INFO:[LightGBM] [Warning] Found whitespace in feature_names, replace with underlines
2025-12-25 12:04:56,053:INFO:[LightGBM] [Warning] feature_fraction is set=0.9, colsample_bytree=1.0 will be ignored. Current value: feature_fraction=0.9
2025-12-25 12:04:56,053:INFO:[LightGBM] [Warning] bagging_fraction is set=0.6, subsample=1.0 will be ignored. Current value: bagging_fraction=0.6
2025-12-25 12:04:56,053:INFO:[LightGBM] [Warning] bagging_freq is set=4, subsample_freq=0 will be ignored. Current value: bagging_freq=4
2025-12-25 12:04:56,053:INFO:[LightGBM] [Info] Number of positive: 1912, number of negative: 3018
2025-12-25 12:04:56,055:INFO:[LightGBM] [Info] Auto-choosing col-wise multi-threading, the overhead of testing was 0.001581 seconds.
2025-12-25 12:04:56,055:INFO:You can set `force_col_wise=true` to remove the overhead.
2025-12-25 12:04:56,055:INFO:[LightGBM] [Info] Total Bins 1737
2025-12-25 12:04:56,056:INFO:[LightGBM] [Info] Number of data points in the train set: 4930, number of used features: 35
2025-12-25 12:04:56,056:INFO:[LightGBM] [Info] [binary:BoostFromScore]: pavg=0.387830 -> initscore=-0.456445
2025-12-25 12:04:56,056:INFO:[LightGBM] [Info] Start training from score -0.456445
2025-12-25 12:04:56,058:INFO:[LightGBM] [Warning] No further splits with positive gain, best gain: -inf
2025-12-25 12:04:56,059:INFO:[LightGBM] [Warning] No further splits with positive gain, best gain: -inf
2025-12-25 12:04:56,060:INFO:[LightGBM] [Warning] No further splits with positive gain, best gain: -inf
2025-12-25 12:04:56,061:INFO:[LightGBM] [Warning] No further splits with positive gain, best gain: -inf
2025-12-25 12:04:56,062:INFO:[LightGBM] [Warning] No further splits with positive gain, best gain: -inf
2025-12-25 12:04:56,063:INFO:[LightGBM] [Warning] No further splits with positive gain, best gain: -inf
2025-12-25 12:04:56,064:INFO:[LightGBM] [Warning] No further splits with positive gain, best gain: -inf
2025-12-25 12:04:56,065:INFO:[LightGBM] [Warning] No further splits with positive gain, best gain: -inf
2025-12-25 12:04:56,069:INFO:[LightGBM] [Warning] No further splits with positive gain, best gain: -inf
2025-12-25 12:04:56,070:INFO:[LightGBM] [Warning] No further splits with positive gain, best gain: -inf
2025-12-25 12:04:56,073:INFO:[LightGBM] [Warning] No further splits with positive gain, best gain: -inf
2025-12-25 12:04:56,074:INFO:[LightGBM] [Warning] No further splits with positive gain, best gain: -inf
2025-12-25 12:04:56,075:INFO:[LightGBM] [Warning] No further splits with positive gain, best gain: -inf
2025-12-25 12:04:56,075:INFO:[LightGBM] [Warning] No further splits with positive gain, best gain: -inf
2025-12-25 12:04:56,076:INFO:[LightGBM] [Warning] No further splits with positive gain, best gain: -inf
2025-12-25 12:04:56,077:INFO:[LightGBM] [Warning] No further splits with positive gain, best gain: -inf
2025-12-25 12:04:56,078:INFO:[LightGBM] [Warning] No further splits with positive gain, best gain: -inf
2025-12-25 12:04:56,079:INFO:[LightGBM] [Warning] No further splits with positive gain, best gain: -inf
2025-12-25 12:04:56,080:INFO:[LightGBM] [Warning] No further splits with positive gain, best gain: -inf
2025-12-25 12:04:56,084:INFO:[LightGBM] [Warning] No further splits with positive gain, best gain: -inf
2025-12-25 12:04:56,086:INFO:[LightGBM] [Warning] No further splits with positive gain, best gain: -inf
2025-12-25 12:04:56,099:INFO:[LightGBM] [Warning] No further splits with positive gain, best gain: -inf
2025-12-25 12:04:56,099:INFO:[LightGBM] [Warning] No further splits with positive gain, best gain: -inf
2025-12-25 12:04:56,100:INFO:[LightGBM] [Warning] No further splits with positive gain, best gain: -inf
2025-12-25 12:04:56,101:INFO:[LightGBM] [Warning] No further splits with positive gain, best gain: -inf
2025-12-25 12:04:56,105:INFO:[LightGBM] [Warning] No further splits with positive gain, best gain: -inf
2025-12-25 12:04:56,182:INFO:Uploading results into container
2025-12-25 12:04:56,183:INFO:Uploading model into container now
2025-12-25 12:04:56,184:INFO:_master_model_container: 15
2025-12-25 12:04:56,184:INFO:_display_container: 3
2025-12-25 12:04:56,185:INFO:LGBMClassifier(bagging_fraction=0.6, bagging_freq=4, boosting_type='gbdt',
               class_weight=None, colsample_bytree=1.0, feature_fraction=0.9,
               importance_type='split', learning_rate=0.05, max_depth=-1,
               min_child_samples=96, min_child_weight=0.001, min_split_gain=0.7,
               n_estimators=180, n_jobs=-1, num_leaves=10, objective=None,
               random_state=123, reg_alpha=0.0001, reg_lambda=0.1,
               subsample=1.0, subsample_for_bin=200000, subsample_freq=0)
2025-12-25 12:04:56,185:INFO:create_model() successfully completed......................................
2025-12-25 12:04:56,308:INFO:SubProcess create_model() end ==================================
2025-12-25 12:04:56,308:INFO:choose_better activated
2025-12-25 12:04:56,311:INFO:SubProcess create_model() called ==================================
2025-12-25 12:04:56,312:INFO:Initializing create_model()
2025-12-25 12:04:56,312:INFO:create_model(self=<pycaret.classification.oop.ClassificationExperiment object at 0x00000129A1898F50>, estimator=LGBMClassifier(boosting_type='gbdt', class_weight=None, colsample_bytree=1.0,
               importance_type='split', learning_rate=0.1, max_depth=-1,
               min_child_samples=20, min_child_weight=0.001, min_split_gain=0.0,
               n_estimators=100, n_jobs=-1, num_leaves=31, objective=None,
               random_state=123, reg_alpha=0.0, reg_lambda=0.0, subsample=1.0,
               subsample_for_bin=200000, subsample_freq=0), fold=StratifiedKFold(n_splits=5, random_state=None, shuffle=False), round=4, cross_validation=True, predict=True, fit_kwargs={}, groups=None, refit=True, probability_threshold=None, experiment_custom_tags=None, verbose=False, system=False, add_to_model_list=True, metrics=None, display=None, model_only=True, return_train_score=False, error_score=0.0, kwargs={})
2025-12-25 12:04:56,312:INFO:Checking exceptions
2025-12-25 12:04:56,314:INFO:Importing libraries
2025-12-25 12:04:56,314:INFO:Copying training dataset
2025-12-25 12:04:56,327:INFO:Defining folds
2025-12-25 12:04:56,327:INFO:Declaring metric variables
2025-12-25 12:04:56,327:INFO:Importing untrained model
2025-12-25 12:04:56,327:INFO:Declaring custom model
2025-12-25 12:04:56,328:INFO:Light Gradient Boosting Machine Imported successfully
2025-12-25 12:04:56,328:INFO:Starting cross validation
2025-12-25 12:04:56,329:INFO:Cross validating with StratifiedKFold(n_splits=5, random_state=None, shuffle=False), n_jobs=-1
2025-12-25 12:04:56,930:INFO:Calculating mean and std
2025-12-25 12:04:56,931:INFO:Creating metrics dataframe
2025-12-25 12:04:56,933:INFO:Finalizing model
2025-12-25 12:04:56,969:INFO:[LightGBM] [Warning] Found whitespace in feature_names, replace with underlines
2025-12-25 12:04:56,969:INFO:[LightGBM] [Info] Number of positive: 1912, number of negative: 3018
2025-12-25 12:04:56,971:INFO:[LightGBM] [Info] Auto-choosing row-wise multi-threading, the overhead of testing was 0.000636 seconds.
2025-12-25 12:04:56,971:INFO:You can set `force_row_wise=true` to remove the overhead.
2025-12-25 12:04:56,971:INFO:And if memory is not enough, you can set `force_col_wise=true`.
2025-12-25 12:04:56,971:INFO:[LightGBM] [Info] Total Bins 1737
2025-12-25 12:04:56,972:INFO:[LightGBM] [Info] Number of data points in the train set: 4930, number of used features: 35
2025-12-25 12:04:56,972:INFO:[LightGBM] [Info] [binary:BoostFromScore]: pavg=0.387830 -> initscore=-0.456445
2025-12-25 12:04:56,972:INFO:[LightGBM] [Info] Start training from score -0.456445
2025-12-25 12:04:57,111:INFO:Uploading results into container
2025-12-25 12:04:57,111:INFO:Uploading model into container now
2025-12-25 12:04:57,112:INFO:_master_model_container: 16
2025-12-25 12:04:57,112:INFO:_display_container: 4
2025-12-25 12:04:57,113:INFO:LGBMClassifier(boosting_type='gbdt', class_weight=None, colsample_bytree=1.0,
               importance_type='split', learning_rate=0.1, max_depth=-1,
               min_child_samples=20, min_child_weight=0.001, min_split_gain=0.0,
               n_estimators=100, n_jobs=-1, num_leaves=31, objective=None,
               random_state=123, reg_alpha=0.0, reg_lambda=0.0, subsample=1.0,
               subsample_for_bin=200000, subsample_freq=0)
2025-12-25 12:04:57,113:INFO:create_model() successfully completed......................................
2025-12-25 12:04:57,239:INFO:SubProcess create_model() end ==================================
2025-12-25 12:04:57,240:INFO:LGBMClassifier(boosting_type='gbdt', class_weight=None, colsample_bytree=1.0,
               importance_type='split', learning_rate=0.1, max_depth=-1,
               min_child_samples=20, min_child_weight=0.001, min_split_gain=0.0,
               n_estimators=100, n_jobs=-1, num_leaves=31, objective=None,
               random_state=123, reg_alpha=0.0, reg_lambda=0.0, subsample=1.0,
               subsample_for_bin=200000, subsample_freq=0) result for Accuracy is 0.9641
2025-12-25 12:04:57,240:INFO:LGBMClassifier(bagging_fraction=0.6, bagging_freq=4, boosting_type='gbdt',
               class_weight=None, colsample_bytree=1.0, feature_fraction=0.9,
               importance_type='split', learning_rate=0.05, max_depth=-1,
               min_child_samples=96, min_child_weight=0.001, min_split_gain=0.7,
               n_estimators=180, n_jobs=-1, num_leaves=10, objective=None,
               random_state=123, reg_alpha=0.0001, reg_lambda=0.1,
               subsample=1.0, subsample_for_bin=200000, subsample_freq=0) result for Accuracy is 0.9619
2025-12-25 12:04:57,241:INFO:LGBMClassifier(boosting_type='gbdt', class_weight=None, colsample_bytree=1.0,
               importance_type='split', learning_rate=0.1, max_depth=-1,
               min_child_samples=20, min_child_weight=0.001, min_split_gain=0.0,
               n_estimators=100, n_jobs=-1, num_leaves=31, objective=None,
               random_state=123, reg_alpha=0.0, reg_lambda=0.0, subsample=1.0,
               subsample_for_bin=200000, subsample_freq=0) is best model
2025-12-25 12:04:57,241:INFO:choose_better completed
2025-12-25 12:04:57,241:INFO:Original model was better than the tuned model, hence it will be returned. NOTE: The display metrics are for the tuned model (not the original one).
2025-12-25 12:04:57,250:INFO:_master_model_container: 16
2025-12-25 12:04:57,250:INFO:_display_container: 3
2025-12-25 12:04:57,251:INFO:LGBMClassifier(boosting_type='gbdt', class_weight=None, colsample_bytree=1.0,
               importance_type='split', learning_rate=0.1, max_depth=-1,
               min_child_samples=20, min_child_weight=0.001, min_split_gain=0.0,
               n_estimators=100, n_jobs=-1, num_leaves=31, objective=None,
               random_state=123, reg_alpha=0.0, reg_lambda=0.0, subsample=1.0,
               subsample_for_bin=200000, subsample_freq=0)
2025-12-25 12:04:57,251:INFO:tune_model() successfully completed......................................
2025-12-25 12:04:57,400:INFO:Initializing evaluate_model()
2025-12-25 12:04:57,400:INFO:evaluate_model(self=<pycaret.classification.oop.ClassificationExperiment object at 0x00000129A1898F50>, estimator=LGBMClassifier(boosting_type='gbdt', class_weight=None, colsample_bytree=1.0,
               importance_type='split', learning_rate=0.1, max_depth=-1,
               min_child_samples=20, min_child_weight=0.001, min_split_gain=0.0,
               n_estimators=100, n_jobs=-1, num_leaves=31, objective=None,
               random_state=123, reg_alpha=0.0, reg_lambda=0.0, subsample=1.0,
               subsample_for_bin=200000, subsample_freq=0), fold=None, fit_kwargs=None, plot_kwargs=None, feature_name=None, groups=None)
2025-12-25 12:04:57,418:INFO:Initializing plot_model()
2025-12-25 12:04:57,418:INFO:plot_model(self=<pycaret.classification.oop.ClassificationExperiment object at 0x00000129A1898F50>, estimator=LGBMClassifier(boosting_type='gbdt', class_weight=None, colsample_bytree=1.0,
               importance_type='split', learning_rate=0.1, max_depth=-1,
               min_child_samples=20, min_child_weight=0.001, min_split_gain=0.0,
               n_estimators=100, n_jobs=-1, num_leaves=31, objective=None,
               random_state=123, reg_alpha=0.0, reg_lambda=0.0, subsample=1.0,
               subsample_for_bin=200000, subsample_freq=0), plot=pipeline, scale=1, save=False, fold=StratifiedKFold(n_splits=10, random_state=None, shuffle=False), fit_kwargs={}, plot_kwargs=None, groups=None, feature_name=None, label=False, verbose=False, system=True, display=None, display_format=None)
2025-12-25 12:04:57,418:INFO:Checking exceptions
2025-12-25 12:04:57,425:INFO:Preloading libraries
2025-12-25 12:04:57,434:INFO:Copying training dataset
2025-12-25 12:04:57,434:INFO:Plot type: pipeline
2025-12-25 12:04:57,620:INFO:Visual Rendered Successfully
2025-12-25 12:04:57,727:INFO:plot_model() successfully completed......................................
2025-12-25 12:04:57,751:INFO:Initializing predict_model()
2025-12-25 12:04:57,751:INFO:predict_model(self=<pycaret.classification.oop.ClassificationExperiment object at 0x00000129A1898F50>, estimator=LGBMClassifier(boosting_type='gbdt', class_weight=None, colsample_bytree=1.0,
               importance_type='split', learning_rate=0.1, max_depth=-1,
               min_child_samples=20, min_child_weight=0.001, min_split_gain=0.0,
               n_estimators=100, n_jobs=-1, num_leaves=31, objective=None,
               random_state=123, reg_alpha=0.0, reg_lambda=0.0, subsample=1.0,
               subsample_for_bin=200000, subsample_freq=0), probability_threshold=None, encoded_labels=False, raw_score=False, round=4, verbose=True, ml_usecase=None, preprocess=True, encode_labels=<function _SupervisedExperiment.predict_model.<locals>.encode_labels at 0x00000129A2264CC0>)
2025-12-25 12:04:57,751:INFO:Checking exceptions
2025-12-25 12:04:57,751:INFO:Preloading libraries
2025-12-25 14:04:27,679:WARNING:C:\Users\Cristina\AppData\Local\Temp\ipykernel_11080\1794067756.py:12: FutureWarning: The NumPy global RNG was seeded by calling `np.random.seed`. In a future version this function will no longer use the global RNG. Pass `rng` explicitly to opt-in to the new behaviour and silence this warning.
  shap.summary_plot(

2025-12-25 14:52:26,716:WARNING:c:\Users\Cristina\AppData\Local\Programs\Python\Python311\Lib\site-packages\sklearn\svm\_base.py:297: ConvergenceWarning: Solver terminated early (max_iter=1000).  Consider pre-processing your data with StandardScaler or MinMaxScaler.
  warnings.warn(

2025-12-25 14:52:27,879:WARNING:c:\Users\Cristina\AppData\Local\Programs\Python\Python311\Lib\site-packages\sklearn\svm\_base.py:297: ConvergenceWarning: Solver terminated early (max_iter=1000).  Consider pre-processing your data with StandardScaler or MinMaxScaler.
  warnings.warn(

2025-12-25 14:52:29,010:WARNING:c:\Users\Cristina\AppData\Local\Programs\Python\Python311\Lib\site-packages\sklearn\svm\_base.py:297: ConvergenceWarning: Solver terminated early (max_iter=1000).  Consider pre-processing your data with StandardScaler or MinMaxScaler.
  warnings.warn(

2025-12-25 14:52:30,159:WARNING:c:\Users\Cristina\AppData\Local\Programs\Python\Python311\Lib\site-packages\sklearn\svm\_base.py:297: ConvergenceWarning: Solver terminated early (max_iter=1000).  Consider pre-processing your data with StandardScaler or MinMaxScaler.
  warnings.warn(

2025-12-25 14:52:31,676:WARNING:c:\Users\Cristina\AppData\Local\Programs\Python\Python311\Lib\site-packages\sklearn\svm\_base.py:297: ConvergenceWarning: Solver terminated early (max_iter=1000).  Consider pre-processing your data with StandardScaler or MinMaxScaler.
  warnings.warn(

2025-12-25 14:52:32,734:WARNING:c:\Users\Cristina\AppData\Local\Programs\Python\Python311\Lib\site-packages\sklearn\svm\_base.py:297: ConvergenceWarning: Solver terminated early (max_iter=1000).  Consider pre-processing your data with StandardScaler or MinMaxScaler.
  warnings.warn(

2025-12-25 14:52:33,844:WARNING:c:\Users\Cristina\AppData\Local\Programs\Python\Python311\Lib\site-packages\sklearn\svm\_base.py:297: ConvergenceWarning: Solver terminated early (max_iter=1000).  Consider pre-processing your data with StandardScaler or MinMaxScaler.
  warnings.warn(

2025-12-25 14:52:34,914:WARNING:c:\Users\Cristina\AppData\Local\Programs\Python\Python311\Lib\site-packages\sklearn\svm\_base.py:297: ConvergenceWarning: Solver terminated early (max_iter=1000).  Consider pre-processing your data with StandardScaler or MinMaxScaler.
  warnings.warn(

2025-12-25 14:52:36,058:WARNING:c:\Users\Cristina\AppData\Local\Programs\Python\Python311\Lib\site-packages\sklearn\svm\_base.py:297: ConvergenceWarning: Solver terminated early (max_iter=1000).  Consider pre-processing your data with StandardScaler or MinMaxScaler.
  warnings.warn(

2025-12-25 14:52:37,147:WARNING:c:\Users\Cristina\AppData\Local\Programs\Python\Python311\Lib\site-packages\sklearn\svm\_base.py:297: ConvergenceWarning: Solver terminated early (max_iter=1000).  Consider pre-processing your data with StandardScaler or MinMaxScaler.
  warnings.warn(

2025-12-25 14:52:53,990:WARNING:c:\Users\Cristina\AppData\Local\Programs\Python\Python311\Lib\site-packages\sklearn\svm\_base.py:297: ConvergenceWarning: Solver terminated early (max_iter=1000).  Consider pre-processing your data with StandardScaler or MinMaxScaler.
  warnings.warn(

2025-12-25 14:52:55,240:WARNING:c:\Users\Cristina\AppData\Local\Programs\Python\Python311\Lib\site-packages\sklearn\svm\_base.py:297: ConvergenceWarning: Solver terminated early (max_iter=1000).  Consider pre-processing your data with StandardScaler or MinMaxScaler.
  warnings.warn(

2025-12-25 14:52:56,465:WARNING:c:\Users\Cristina\AppData\Local\Programs\Python\Python311\Lib\site-packages\sklearn\svm\_base.py:297: ConvergenceWarning: Solver terminated early (max_iter=1000).  Consider pre-processing your data with StandardScaler or MinMaxScaler.
  warnings.warn(

2025-12-25 14:52:57,752:WARNING:c:\Users\Cristina\AppData\Local\Programs\Python\Python311\Lib\site-packages\sklearn\svm\_base.py:297: ConvergenceWarning: Solver terminated early (max_iter=1000).  Consider pre-processing your data with StandardScaler or MinMaxScaler.
  warnings.warn(

2025-12-25 14:52:58,969:WARNING:c:\Users\Cristina\AppData\Local\Programs\Python\Python311\Lib\site-packages\sklearn\svm\_base.py:297: ConvergenceWarning: Solver terminated early (max_iter=1000).  Consider pre-processing your data with StandardScaler or MinMaxScaler.
  warnings.warn(

2025-12-25 14:53:00,810:WARNING:c:\Users\Cristina\AppData\Local\Programs\Python\Python311\Lib\site-packages\sklearn\svm\_base.py:297: ConvergenceWarning: Solver terminated early (max_iter=1000).  Consider pre-processing your data with StandardScaler or MinMaxScaler.
  warnings.warn(

2025-12-25 14:53:02,852:WARNING:c:\Users\Cristina\AppData\Local\Programs\Python\Python311\Lib\site-packages\sklearn\svm\_base.py:297: ConvergenceWarning: Solver terminated early (max_iter=1000).  Consider pre-processing your data with StandardScaler or MinMaxScaler.
  warnings.warn(

2025-12-25 14:53:04,869:WARNING:c:\Users\Cristina\AppData\Local\Programs\Python\Python311\Lib\site-packages\sklearn\svm\_base.py:297: ConvergenceWarning: Solver terminated early (max_iter=1000).  Consider pre-processing your data with StandardScaler or MinMaxScaler.
  warnings.warn(

2025-12-25 14:53:06,944:WARNING:c:\Users\Cristina\AppData\Local\Programs\Python\Python311\Lib\site-packages\sklearn\svm\_base.py:297: ConvergenceWarning: Solver terminated early (max_iter=1000).  Consider pre-processing your data with StandardScaler or MinMaxScaler.
  warnings.warn(

2025-12-25 14:53:08,939:WARNING:c:\Users\Cristina\AppData\Local\Programs\Python\Python311\Lib\site-packages\sklearn\svm\_base.py:297: ConvergenceWarning: Solver terminated early (max_iter=1000).  Consider pre-processing your data with StandardScaler or MinMaxScaler.
  warnings.warn(

2025-12-25 14:53:37,141:WARNING:c:\Users\Cristina\AppData\Local\Programs\Python\Python311\Lib\site-packages\sklearn\svm\_base.py:297: ConvergenceWarning: Solver terminated early (max_iter=1000).  Consider pre-processing your data with StandardScaler or MinMaxScaler.
  warnings.warn(

2025-12-25 14:53:39,410:WARNING:c:\Users\Cristina\AppData\Local\Programs\Python\Python311\Lib\site-packages\sklearn\svm\_base.py:297: ConvergenceWarning: Solver terminated early (max_iter=1000).  Consider pre-processing your data with StandardScaler or MinMaxScaler.
  warnings.warn(

2025-12-25 14:53:41,559:WARNING:c:\Users\Cristina\AppData\Local\Programs\Python\Python311\Lib\site-packages\sklearn\svm\_base.py:297: ConvergenceWarning: Solver terminated early (max_iter=1000).  Consider pre-processing your data with StandardScaler or MinMaxScaler.
  warnings.warn(

2025-12-25 14:53:43,730:WARNING:c:\Users\Cristina\AppData\Local\Programs\Python\Python311\Lib\site-packages\sklearn\svm\_base.py:297: ConvergenceWarning: Solver terminated early (max_iter=1000).  Consider pre-processing your data with StandardScaler or MinMaxScaler.
  warnings.warn(

2025-12-25 14:53:45,910:WARNING:c:\Users\Cristina\AppData\Local\Programs\Python\Python311\Lib\site-packages\sklearn\svm\_base.py:297: ConvergenceWarning: Solver terminated early (max_iter=1000).  Consider pre-processing your data with StandardScaler or MinMaxScaler.
  warnings.warn(

2025-12-25 14:53:47,948:WARNING:c:\Users\Cristina\AppData\Local\Programs\Python\Python311\Lib\site-packages\sklearn\svm\_base.py:297: ConvergenceWarning: Solver terminated early (max_iter=1000).  Consider pre-processing your data with StandardScaler or MinMaxScaler.
  warnings.warn(

2025-12-25 14:53:50,184:WARNING:c:\Users\Cristina\AppData\Local\Programs\Python\Python311\Lib\site-packages\sklearn\svm\_base.py:297: ConvergenceWarning: Solver terminated early (max_iter=1000).  Consider pre-processing your data with StandardScaler or MinMaxScaler.
  warnings.warn(

2025-12-25 14:53:52,280:WARNING:c:\Users\Cristina\AppData\Local\Programs\Python\Python311\Lib\site-packages\sklearn\svm\_base.py:297: ConvergenceWarning: Solver terminated early (max_iter=1000).  Consider pre-processing your data with StandardScaler or MinMaxScaler.
  warnings.warn(

2025-12-25 14:53:54,446:WARNING:c:\Users\Cristina\AppData\Local\Programs\Python\Python311\Lib\site-packages\sklearn\svm\_base.py:297: ConvergenceWarning: Solver terminated early (max_iter=1000).  Consider pre-processing your data with StandardScaler or MinMaxScaler.
  warnings.warn(

2025-12-25 14:53:56,689:WARNING:c:\Users\Cristina\AppData\Local\Programs\Python\Python311\Lib\site-packages\sklearn\svm\_base.py:297: ConvergenceWarning: Solver terminated early (max_iter=1000).  Consider pre-processing your data with StandardScaler or MinMaxScaler.
  warnings.warn(

2025-12-25 18:09:18,232:WARNING:
'cuml' is a soft dependency and not included in the pycaret installation. Please run: `pip install cuml` to install.
2025-12-25 18:09:18,232:WARNING:
'cuml' is a soft dependency and not included in the pycaret installation. Please run: `pip install cuml` to install.
2025-12-25 18:09:18,232:WARNING:
'cuml' is a soft dependency and not included in the pycaret installation. Please run: `pip install cuml` to install.
2025-12-25 18:09:18,232:WARNING:
'cuml' is a soft dependency and not included in the pycaret installation. Please run: `pip install cuml` to install.
2025-12-25 18:25:07,170:WARNING:
'cuml' is a soft dependency and not included in the pycaret installation. Please run: `pip install cuml` to install.
2025-12-25 18:25:07,170:WARNING:
'cuml' is a soft dependency and not included in the pycaret installation. Please run: `pip install cuml` to install.
2025-12-25 18:25:07,170:WARNING:
'cuml' is a soft dependency and not included in the pycaret installation. Please run: `pip install cuml` to install.
2025-12-25 18:25:07,170:WARNING:
'cuml' is a soft dependency and not included in the pycaret installation. Please run: `pip install cuml` to install.
